"pontoLat";"pontoLong";"pontoEnd";"idtipoSinal";"tipoSinalDesc";"pontoVagas"
"-30.033124762539700";"-51.23889043669283";"Rua dos Andradas, n° 261";"1";"PCDs";"1"
"-30.03316702683086";"-51.23929276804506";"Rua dos Andradas, em frente ao Museu do Traba";"1";"PCDs";"1"
"-30.03455688091617";"-51.23739882966919";"Rua Duque de Caxias, n° 402";"1";"PCDs";"4"
"-30.031259512420952";"-51.2365727092926";"Rua Gen. Canabarro x Rua 7 de Setembro";"1";"PCDs";"1"
"-30.031890340997887";"-51.235474344701004";"Rua dos Andradas, n° 629";"1";"PCDs";"1"
"-30.030822024535226";"-51.234792822367865";"Rua 7 de Setembro 555, em frente a Casa de Cultur";"1";"PCDs";"1"
"-30.030763014029823";"-51.23341953135224";"Rua Gen. João Manoel, n° 217";"1";"PCDs";"3"
"-30.032340729235685";"-51.23318937887916";"Rua Riachuelo 838";"1";"PCDs";"1"
"-30.029423469317457";"-51.23242573743437";"Rua Caldas Jr., n° 108";"1";"PCDs";"1"
"-30.029022322181554";"-51.232099504299185";"Rua Capitão Montanha x Rua Siqueira Campos";"1";"PCDs";"1"
"-30.02879325126223";"-51.230613980356566";"Rua Cassiano do Nascimento x Pç. da Alfândega";"1";"PCDs";"2"
"-30.028047944206463";"-51.22968284232786";"Rua Siqueira Campos, n° 1204";"1";"PCDs";"1"
"-30.02775937035415";"-51.22876284463575";"Rua Siqueira Campos 1300 x Rua Uruguai";"1";"PCDs";"3"
"-30.027971767541292";"-51.22889742895143";"Rua Uruguai x Rua Siqueira Campos";"1";"PCDs";"2"
"-30.02906925632168";"-51.22966589127037";"Rua 7 de Setembro, n° 1069";"1";"PCDs";"2"
"-30.02955818194151";"-51.22786483496225";"Av. Borges de Medeiros x Rua dos Andradas";"1";"PCDs";"3"
"-30.028160665136134";"-51.226837803704825";"Praça XV, 76";"1";"PCDs";"1"
"-30.027136170458164";"-51.22552888570556";"Rua Vigário José Inácio, DF ao n° 171";"1";"PCDs";"1"
"-30.026391410343187";"-51.22256864232787";"Rua Carlos Chagas, DF ao n° 15";"1";"PCDs";"1"
"-30.02802161163952";"-51.2198542468048";"Av. Alberto Bins 665 x Rua da Conceição";"1";"PCDs";"1"
"-30.028197611393548";"-51.22331714847945";"Av. Alberto Bins, n° 325";"1";"PCDs";"1"
"-30.027791555689284";"-51.223880344180316";"Rua Senhor dos Passos, n° 80";"1";"PCDs";"1"
"-30.03046850000000";"-51.22517080000000";"Rua Gen. Vitorino, n° 157";"1";"PCDs";"1"
"-30.030562450720105";"-51.225906555484016";"Rua Vigário José Inácio, n° 529";"1";"PCDs";"1"
"-30.03259363595692";"-51.22678624110449";"Rua Jerônimo Coelho, n° 261";"1";"PCDs";"2"
"-30.0323996350421";"-51.22706652394254";"Rua Mal. Floriano Peixoto, n° 385";"1";"PCDs";"1"
"-30.03066759999999";"-51.22844939999999";"Rua Gen. Andrades Neves, n° 145";"1";"PCDs";"1"
"-30.03216";"-51.23011";"Rua Gen. Câmara x Praça Mal. Deodoro";"1";"PCDs";"1"
"-30.03335683774153";"-51.23058711911847";"Rua Duque de Caxias, 1005; em frente ao Palácio Pir";"1";"PCDs";"2"
"-30.033328206343125";"-51.231353499370925";"Rua Duque de Caxias, DF ao n° 1005";"1";"PCDs";"1"
"-30.036940208936873";"-51.23158790485877";"Rua Washington Luiz, n° 855";"1";"PCDs";"1"
"-30.035241793324495";"-51.226717090213015";"Rua Cel. Genuíno, n° 130";"1";"PCDs";"1"
"-30.033543882724967";"-51.226487217790975";"Rua Duque de Caxias, n° 1475";"1";"PCDs";"1"
"-30.031478736715343";"-51.2341464375412";"Rua dos Andradas, em frente ao Mário Quintana";"1";"PCDs";"1"
"-30.03087624070717";"-51.2326528920654";"Rua dos Andradas DF ao 943 x Rua Caldas Jr.";"1";"PCDs";"1"
"-30.031572205987324";"-51.22970586627048";"Rua Riachuelo x Largo João Amorim de Alboquerque";"1";"PCDs";"1"
"-30.032063910231255";"-51.22134693612213";"Av. Osvaldo Aranha, n° 99 (em frente a UFRGS)";"1";"PCDs";"1"
"-30.033969915145633";"-51.235012386511016";"Rua Duque de Caxias, n° 657";"1";"PCDs";"1"
"-30.030329026759627";"-51.226017324802456";"Rua Gen. Vitorino 64 x Rua Vigário José Ináci";"1";"PCDs";"1"
"-30.029642430657745";"-51.22571174801328";"Rua Vigário José Inácio x Rua dos Andradas";"1";"PCDs";"1"
"-30.030272301422638";"-51.22671741433146";"Rua Gen. Vitorino x Rua Mal. Floriano Peixoto";"1";"PCDs";"1"
"-30.03032009094493";"-51.233274838695706";"Rua 7 de Setembro, n° 713";"1";"PCDs";"1"
"-30.02811898866979";"-51.22262177042006";"Av. Alberto Bins, n° 404";"1";"PCDs";"1"
"-30.036116966046173";"-51.2283538773155";"Rua Demétrio Ribeiro x Av. Borges de Medeiros";"1";"PCDs";"1"
"-30.028589799395505";"-51.232339180217764";"Rua Capitão Montanha (Centro Saúde Sta Marta)";"1";"PCDs";"1"
"-30.03757922059454";"-51.229072249637625";"Rua Washington Luiz 1094 (em frente sede OAB)";"1";"PCDs";"1"
"-30.04292889542329";"-51.21532714351656";"Rua Lobo da Costa 308";"1";"PCDs";"1"
"-30.03890804876453";"-51.22397903802869";"Rua da República, 441";"1";"PCDs";"1"
"-30.03791461352756";"-51.22567804662708";"Trav. do Carmo 135";"1";"PCDs";"1"
"-30.039040000000007";"-51.21467437301635";"Av. José Bonifácio 245";"1";"PCDs";"1"
"-30.038409814504096";"-51.21360696808813";"Av. José Bonifácio 363";"1";"PCDs";"1"
"-30.037201950269985";"-51.21161883374691";"Av. José Bonifácio 595";"1";"PCDs";"1"
"-30.03621";"-51.21109";" Largo Doutor José Faibes Lubianca";"1";"PCDs";"1"
"-30.04586";"-51.21297";"Av. João Pessoa 1831";"1";"PCDs";"1"
"-30.04486";"-51.21937";"Av. Érico Veríssimo 100";"1";"PCDs";"1"
"-30.04442";"-51.21947";" Praça Garibaldi, 22";"1";"PCDs";"1"
"-30.048317147676958";"-51.21227962086675";"R. Prof. Freitas e Castro, 481";"1";"PCDs";"2"
"-30.21042";"-51.18432";"Av. Heitor Viêira, 322";"1";"PCDs";"1"
"-30.112913758505435";"-51.25532973743441";"Av. Wenceslau Escobar, 2825";"1";"PCDs";"2"
"-29.996603625898217";"-51.20238609325406";"Rua Frederico Mentz, 1606";"1";"PCDs";"1"
"-29.98971";"-51.1769";"Av. Severo Dullius, 90010";"1";"PCDs";"2"
"-29.993295176293596";"-51.12884215707777";"Av. dos Gaúchos, 2000";"1";"PCDs";"1"
"-29.99198556743821";"-51.127590943516566";"Rua Jackson de Figueiredo, 40";"1";"PCDs";"1"
"-30.15974";"-51.20043";"Rua Francisco Mattos Terres, 40";"1";"PCDs";"1"
"-30.02727";"-51.17993";"Praça Japão, 30";"1";"PCDs";"1"
"-30.04445";"-51.21298";"Av. Piratini, 76";"1";"PCDs";"1"
"-30.020355874703636";"-51.2072517496681";"Rua Sete de Abril, 481";"1";"PCDs";"1"
"-30.018305570276155";"-51.20341247850422";"Rua Visconde do Rio Branco, 671";"1";"PCDs";"1"
"-30.024467156618776";"-51.20278830919267";"Rua Padre Chagas, 310";"1";"PCDs";"1"
"-30.02615";"-51.20094";"Largo José Antônio Daudt";"1";"PCDs";"2"
"-30.02496";"-51.21275";"Rua Comendador Coruja, 380";"1";"PCDs";"1"
"-30.02795258345209";"-51.21582256564142";"Av. Cristóvão Colombo, 141";"1";"PCDs";"1"
"-30.030063516214618";"-51.21720463558199";"Rua Dr. Barros Cassal, 536";"1";"PCDs";"1"
"-30.03024";"-51.20946";"Rua Castro Alves, 128";"1";"PCDs";"1"
"-30.030701235025855";"-51.20635043741703";"Rua Castro Alves, 415";"1";"PCDs";"1"
"-30.029494267924264";"-51.2013332956314";"Rua Dona Laura, 414";"1";"PCDs";"1"
"-30.032608202253453";"-51.205132652778616";"Rua Vasco da Gama, 693";"1";"PCDs";"1"
"-30.049437875936846";"-51.229750466270445";"Av. Borges de Medeiros 2500 - Parque Marinha do Brasil";"1";"PCDs";"2"
"-30.046513217719305";"-51.22177609325411";"Rua Cel André Belo 703";"1";"PCDs";"1"
"-30.04342";"-51.22935";"Rua Dr. Vicente de Paula Dutra 31";"1";"PCDs";"2"
"-30.04436535635611";"-51.23102046627048";"Rua Márcio L. Veras Vidor, 10";"1";"PCDs";"2"
"-30.047083957132102";"-51.21707685952549";"Rua João Neves da Fontoura, 7";"1";"PCDs";"1"
"-30.056241423466403";"-51.23065908353652";"Av. Borges de Medeiros, 3160";"1";"PCDs";"1"
"-30.05702117052697";"-51.23093535106506";"Av. Borges de Medeiros, 3200";"1";"PCDs";"1"
"-30.10939";"-51.25227";"Av. Otto Niemeyer, 665";"1";"PCDs";"1"
"-30.06049553588564";"-51.23054620982168";"Av. Padre Cacique, 96";"1";"PCDs";"2"
"-30.0577";"-51.22957";"Av. Praia de Belas, 2170";"1";"PCDs";"1"
"-30.05878";"-51.23042";"Lg Telmo Thompson Flores 59";"1";"PCDs";"1"
"-30.05875";"-51.23047";"Lg Telmo Thompson Flores 15";"1";"PCDs";"1"
"-30.05397";"-51.22644";"Rua Botafogo, 396";"1";"PCDs";"1"
"-30.05329232161277";"-51.222112186508184";"Rua Visconde do Herval, 681";"1";"PCDs";"1"
"-30.01867";"-51.19752";"Rua Cel. Bordini, 74";"1";"PCDs";"1"
"-30.02838018856007";"-51.18104291534422";"Alameda Coelho Neto 35";"1";"PCDs";"1"
"-30.02774";"-51.17968";"Praça Japão 31";"1";"PCDs";"1"
"-30.02544";"-51.17333";"Rua Prof. , 285";"1";"PCDs";"1"
"-30.012520386787134";"-51.18751049570085";"Rua Américo Vespúcio, 494";"1";"PCDs";"1"
"-30.02511194318863";"-51.18858463558195";"Rua Artur Rocha, 200";"1";"PCDs";"1"
"-30.014336976753608";"-51.17826072883605";"Rua Três de Abril, 90";"1";"PCDs";"1"
"-30.014776967545796";"-51.17741145767212";"Rua Valentim Vicentini, 100";"1";"PCDs";"2"
"-29.99115";"-51.18235";"Av. dos Estados - Aeroporto Terminal 1";"1";"PCDs";"1"
"-29.98987999999999";"-51.17688749206542";"Severo Dullius 90010 - Via elevada";"1";"PCDs";"2"
"-30.0385174925786";"-51.16708953372955";"R. João Paetzel, 364";"1";"PCDs";"2"
"-30.01133";"-51.155";"R. Dom Diogo de Souza, 100";"1";"PCDs";"1"
"-30.02010980893074";"-51.14188125396731";"R. Elízio Abaete Crivella, 77";"1";"PCDs";"1"
"-30.010077935062878";"-51.14293921288015";"R. Gomes de Freitas, 12";"1";"PCDs";"1"
"-30.010227034776552";"-51.15418781349183";"R. Aliança, 25";"1";"PCDs";"1"
"-30.01209632262534";"-51.16793256564142";"Av. Andaraí, 15";"1";"PCDs";"1"
"-30.04415";"-51.1867";"R. Álvares Machado, 49";"1";"PCDs";"1"
"-30.043976759265217";"-51.18218900859836";"Rua Caju, 84";"1";"PCDs";"1"
"-30.02944";"-51.1502";"
Praça Farroupilha, 196";"1";"PCDs";"1"
"-30.035653898760213";"-51.1522702037048";"R. Aldrovando Leão, 160";"1";"PCDs";"1"
"-30.02269677670567";"-51.21825291534424";"Largo Vespasiano Júlio Veppo, 125";"1";"PCDs";"2"
"-30.05871035864688";"-51.16542927116393";"Rua Albion, 358";"1";"PCDs";"1"
"-30.046896782376038";"-51.211300991401686";"Av. Ipiranga, 1803";"1";"PCDs";"1"
"-30.05042";"-51.21331";"Rua Marcílio Dias, 1554";"1";"PCDs";"1"
"-30.05417928636824";"-51.16637489814758";"Rua São Josemaría Escrivá, 165";"1";"PCDs";"1"
"-30.047418634333447";"-51.21059385250089";"R. Prof. Freitas e Castro, 740";"1";"PCDs";"1"
"-30.03724";"-51.22834";"Rua Coronel Genuíno, 423";"1";"PCDs";"1"
"-30.04905";"-51.20154";"R. São Manoel, 1765";"1";"PCDs";"1"
"-30.04709";"-51.23097";"Rua Manoelito de Ornelas 55";"1";"PCDs";"1"
"-30.010062516763416";"-51.17969731779101";"Rua Brigadeiro Oliveira Neri 115";"1";"PCDs";"1"
"-30.02901";"-51.16597";"Av. Teixeira Mendes, 1240";"1";"PCDs";"1"
"-30.03860783394746";"-51.20505390674589";"Rua  São Manoel, 543";"1";"PCDs";"1"
"-30.02288";"-51.20304";"Praça Doutor Maurício Cardoso 49";"1";"PCDs";"1"
"-30.032270989598615";"-51.23649273056219";"Rua dos Andradas, 515";"1";"PCDs";"1"
"-30.040313261671475";"-51.20415994232792";"Rua Silva Só 269";"1";"PCDs";"1"
"-30.059760535169385";"-51.228976530671105";"Rua Antenor Lemos";"1";"PCDs";"1"
"-30.0596583908";"-51.2282147833";"Rua Grão Pará";"1";"PCDs";"1"
"-30.026623737627";"-51.20315282243729";"Rua Florencio Ygartua, 15";"1";"PCDs";"1"
"-30.023891128171286";"-51.20217442268449";"Dinarte Ribeiro, 214";"1";"PCDs";"1"
"-30.027143458397614";"-51.204458323660674";"Fernando Gomes, 221";"1";"PCDs";"1"
"-30.025387259772497";"-51.201652733031096";"Comendador Caminha, 372 DF";"1";"PCDs";"1"
"-30.04125126515156";"-51.216610368888155";"Venâncio Aires, DF 351";"1";"PCDs";"1"
"-30.02962895372027";"-51.20371912055015";"Rua Dona Laura, 204";"1";"PCDs";"2"
"-30.033098529125834";"-51.2110210456467";"Rua Henrique Dias, 115";"1";"PCDs";"1"
"-30.022787106939898";"-51.20204758266448";"Praça Doutor Maurício Cardoso 141";"1";"PCDs";"1"
"-30.028455647425393";"-51.20132918740546";"Lg. Abelard Jacques Noronha";"1";"PCDs";"2"
"-30.02868264170775";"-51.20432789708411";"Rua Mariante, 86";"1";"PCDs";"1"
"-30.043361725716892";"-51.21438620635985";"Jerônimo de Ornelas, 55";"1";"PCDs";"1"
"-30.03405369575272";"-51.21388583352126";"
Av. Osvaldo Aranha, 838";"1";"PCDs";"1"
"-30.03493350367161";"-51.21771369814758";"Parque Farroupilha";"1";"PCDs";"2"
"-30.03012802275673";"-51.219485553967274";"Sarmento Leite 77";"1";"PCDs";"2"
"-30.13843590000002";"-51.215578657672154";"Rua Adão Pinheiro da Silva, 490";"1";"PCDs";"1"
"-30.007980993070955";"-51.096518465606664";"Rua Antônio Francisco Lisboa, 400";"1";"PCDs";"1"
"-30.0295862754587";"-51.22272328525008";"Praça Dom Feliciano, 56";"1";"PCDs";"1"
"-30.032684711030345";"-51.2252855881523";"Rua Duque de Caxias, n° 1594";"1";"PCDs";"1"
"-30.026292950056398";"-51.222547100195186";"Praça Osvaldo Cruz, n° 10";"1";"PCDs";"1"
"-30.02176719296108";"-51.192660095223914";"R. 24 de Outubro, 1628";"1";"PCDs";"1"
"-30.04582283141647";"-51.212947288360624";"Av. João Pessoa 1831";"2";"Idosos";"1"
"-30.04494";"-51.21925";"Av. Érico Veríssimo 100";"2";"Idosos";"1"
"-30.0486";"-51.21285";"R. Prof. Freitas e Castro, 451";"2";"Idosos";"1"
"-30.21029";"-51.18434";"Av. Heitor Viêira, 322";"2";"Idosos";"1"
"-30.11419784220639";"-51.254546968088164";"Av. Wenceslau Escobar, 2950";"2";"Idosos";"2"
"-30.112766797831192";"-51.25532291534421";"Av. Wenceslau Escobar, 2801";"2";"Idosos";"1"
"-29.98972";"-51.17685";"Av. Severo Dullius, 90010";"2";"Idosos";"2"
"-29.993181857151296";"-51.12896932887077";"Av. dos Gauchos, 2000";"2";"Idosos";"2"
"-29.99197455543479";"-51.12760262334825";"Rua Jackson de Figueiredo, 40";"2";"Idosos";"1"
"-30.03469355382659";"-51.237873962353035";"Rua Duque de Caxias x Rua Gen. Vasco Alves";"2";"Idosos";"1"
"-30.030846178718104";"-51.234906415860564";"Rua 7 de Setembro, n° 555";"2";"Idosos";"2"
"-30.030920035940376";"-51.23349953133959";"Rua Gen. João Manoel, n° 217";"2";"Idosos";"2"
"-30.029930584733233";"-51.232439322161156";"Rua 7 de Setembro x Rua Caldas Jr.";"2";"Idosos";"6"
"-30.030322641779833";"-51.23209948465575";"Rua Caldas Júnior, n° 219";"2";"Idosos";"3"
"-30.03333455470446";"-51.23132422811318";"Rua Duque de Caxias x Rua Gen. Auto";"2";"Idosos";"2"
"-30.028233907913066";"-51.22336169308795";"Av. Alberto Bins, n° 333";"2";"Idosos";"2"
"-30.02996773641232";"-51.21917603254087";"Praça Dom Sebastião";"2";"Idosos";"5"
"-30.029169897782005";"-51.22797972205433";"Av. Borges de Medeiros x Rua José Montaury";"2";"Idosos";"5"
"-30.029154790823906";"-51.23200783317873";"Rua Capitão Montanha";"2";"Idosos";"3"
"-30.030777343401788";"-51.232392899674835";"Rua Andradas x Rua Caldas Jr.";"2";"Idosos";"4"
"-30.031493695579208";"-51.23421178229802";"Rua dos Andradas, n° 731";"2";"Idosos";"1"
"-30.033170808527352";"-51.239259914468676";"Rua dos Andradas, DF ao n° 235";"2";"Idosos";"1"
"-30.036985591438928";"-51.23148684065245";"Rua Washington Luiz, n° 855";"2";"Idosos";"4"
"-30.02719762359231";"-51.22552551025552";"Rua Vigário José Inácio, DF ao n° 171";"2";"Idosos";"1"
"-30.030700442472153";"-51.2284261137047";"Rua Gen. Andrade Neves, n° 145";"2";"Idosos";"1"
"-30.03204373785598";"-51.2213189217419";"Av. Osvaldo Aranha, n° 99 (em frente à UFRGS)";"2";"Idosos";"3"
"-30.02753685571282";"-51.228421939611394";"Av. Borges de Medeiros x Av. Júlio de Castilhos";"2";"Idosos";"1"
"-30.03584626514598";"-51.227943372298114";"Av. Borges de Medeiros x Rua Demétrio Ribeiro";"2";"Idosos";"3"
"-30.027915392801393";"-51.22938415382271";"Rua Siqueira Campos x Trav. Francisco Leonardo Truda";"2";"Idosos";"5"
"-30.028408952177482";"-51.230826570464274";"Rua 7 de Setembro, n° 1087";"2";"Idosos";"1"
"-30.030348863984514";"-51.23333825234374";"Rua 7 de Setembro, n° 713";"2";"Idosos";"3"
"-30.02859821096268";"-51.230693801118036";"Rua Cassiano Nascimento x Rua Siqueira Campos";"2";"Idosos";"2"
"-30.037500243838632";"-51.229072609497734";"Rua Washington Luiz, 1094 (em frente sede OAB)";"2";"Idosos";"1"
"-30.033495243393535";"-51.229177708990505";"Rua Duque de Caxias, n° 1220";"2";"Idosos";"2"
"-30.03599803789077";"-51.227692010020746";"Rua Demétrio Ribeiro, n° 1164";"2";"Idosos";"2"
"-30.0199";"-51.20662";"Av. Cristóvão Colombo, 1361";"2";"Idosos";"2"
"-30.01941";"-51.20632";"Av. Cristóvão Colombo, 1430";"2";"Idosos";"2"
"-30.023271991506917";"-51.203179195488474";"Rua Dinarte Ribeiro, 116";"2";"Idosos";"1"
"-30.025992929242214";"-51.204557225954886";"Rua Padre Chagas, 65";"2";"Idosos";"1"
"-30.02552296664937";"-51.20398512571347";"Rua Padre Chagas, 147";"2";"Idosos";"2"
"-30.024716397868882";"-51.202973644180304";"Rua Padre Chagas, 277";"2";"Idosos";"3"
"-30.022764644656338";"-51.2012078723526";"Rua Tobias da Silva, 63";"2";"Idosos";"5"
"-30.0252709004269";"-51.20157049570082";"R. 24 de Outubro, 652 (Defronte)";"2";"Idosos";"2"
"-30.02611";"-51.20105";"Largo José Antônio Daudt";"2";"Idosos";"1"
"-30.027752583416962";"-51.216999999999985";"Av. Alberto Bins 954";"2";"Idosos";"2"
"-30.028334310352616";"-51.21683830919267";"Av. Cristóvão Colombo, 32";"2";"Idosos";"2"
"-30.030650375746497";"-51.20657489814755";"Rua Castro Alves, 389";"2";"Idosos";"2"
"-30.03067959844776";"-51.20640409610337";"Rua Castro Alves, 415";"2";"Idosos";"1"
"-30.049368224819258";"-51.229750466270445";"Av. Borges de Medeiros 2500 - Parque Marinha do Brasil";"2";"Idosos";"5"
"-30.04453";"-51.23067";"Rua Celeste Gobato DF 179";"2";"Idosos";"2"
"-30.04453";"-51.23075";"Rua Celeste Gobato 179";"2";"Idosos";"2"
"-30.04359";"-51.22939";"Rua Dr. Vicente de Paula Dutra 31";"2";"Idosos";"3"
"-30.056243065045603";"-51.23065908353652";"Av. Borges de Medeiros, 3160";"2";"Idosos";"3"
"-30.057054001847426";"-51.23093535106506";"Av. Borges de Medeiros, 3200";"2";"Idosos";"2"
"-30.06042";"-51.23049";"Av. Padre Cacique, 96";"2";"Idosos";"2"
"-30.057565456753533";"-51.229555398454636";"Av. Praia de Belas, 2166";"2";"Idosos";"3"
"-30.114383248027693";"-51.254710495700806";"Av. Wenceslau Escobar, 2971";"2";"Idosos";"3"
"-30.053968392016202";"-51.214685918402665";"Rua Visconde do Herval, 1350";"2";"Idosos";"2"
"-30.054009372079495";"-51.21470953372955";"Rua Visconde do Herval, 1373";"2";"Idosos";"1"
"-30.01862";"-51.19759";"Rua Cel. Bordini, 48 DF";"2";"Idosos";"4"
"-30.028405150359113";"-51.181072498147614";"Alameda Coelho Neto, 35";"2";"Idosos";"1"
"-30.02774";"-51.17967";"Praça Japão 31";"2";"Idosos";"3"
"-30.02680076959965";"-51.17932518956661";"Praça Japão, 234";"2";"Idosos";"3"
"-29.989879419225502";"-51.17661017485142";"Severo Dullius 90010 - Via elevada";"2";"Idosos";"2"
"-30.04414";"-51.18209";"Rua Caju, 87";"2";"Idosos";"1"
"-30.04688258677903";"-51.21126915459632";"Av. Ipiranga, 1803";"2";"Idosos";"1"
"-30.04797988831324";"-51.21179043928839";"R. Prof. Freitas e Castro, 551";"2";"Idosos";"1"
"-30.027095412485046";"-51.20446938360965";"Fernando Gomes, 221";"2";"Idosos";"1"
"-30.059617765209687";"-51.228214783310875";"Rua Grão PArá";"2";"Idosos";"2"
"-30.05984294700363";"-51.229018104910836";"Rua Antenor Lemos";"2";"Idosos";"2"
"-30.028446358645724";"-51.20127286101615";"Lg Abelard Jacques Noronha";"2";"Idosos";"2"
"-30.029635315367337";"-51.20368953133857";"Rua Dona Laura";"2";"Idosos";"1"
"-30.024691878743035";"-51.200582192194815";"Av. Goethe";"2";"Idosos";"2"
"-30.028665225285064";"-51.20432789708411";"Rua Mariante, 86";"2";"Idosos";"1"
"-30.043245633372578";"-51.214187722892746";"Jerônimo de Ornelas, 55";"2";"Idosos";"2"
"-30.030146600000005";"-51.21954992698363";"Rua Sarmento Leite 77";"2";"Idosos";"1"
"-30.030376740901065";"-51.226840686542914";"
R. Mal. Floriano Peixoto, 188";"2";"Idosos";"1"
"-30.037799051799876";"-51.22545851017304";"Rua José do Patrocínio, 253";"2";"Idosos";"1"
"-30.03699529295507";"-51.21127282878399";"José Bonifácio, 655";"2";"Idosos";"3"
"-30.032994829071395";"-51.20972304513015";"Rua Felipe Camarão, 408";"2";"Idosos";"3"
"-30.02948409999999";"-51.22288689999999";"Praça Dom Feliciano, 26";"2";"Idosos";"2"
"-30.02852060574873";"-51.226843168122855";"Praça XV 76";"2";"Idosos";"3"
"-30.02736149999999";"-51.222525099999984";"R. Pinto Bandeira, 345 - Centro Histórico, Porto Alegre - RS, 90030-150, Brasil";"2";"Idosos";"02"
"-30.024547532124142";"-51.22309971971282";"Rua Carlos Chagas, 45 x Av. Mauá";"3";"PCD indefinido";"1"
"-30.03492987163806";"-51.24124005178987";"Estacionamento da Usina do Gasômetro";"3";"PCD indefinido";"3"
"-29.98717";"-51.12131";"Av. Assis Brasil, 7625";"3";"PCD indefinido";"1"
"-29.98709";"-51.12122";"Av. Assis Brasil, 7625";"4";"Idoso indefinido";"2"
"-30.035018274552918";"-51.241277456248554";"Usina do Gasômetro";"4";"Idoso indefinido";"2"
"-30.023920734325465";"-51.202162264234914";"Dinarte Ribeiro, 214";"5";"PCD Projetado";"1"
"-30.025409318115138";"-51.201625822431936";"Comendador Caminha";"5";"PCD Projetado";"1"
"-30.01805210592921";"-51.19779562795867";"Rua Quintino Bocaiuva, 25";"5";"PCD Projetado";"1"
"-30.040138501442854";"-51.208281473172065";"Rua Ramiro Barcelos, 2337";"5";"PCD Projetado";"1"
"-30.023621840096368";"-51.204676584339154";"Barão de Santo Ângelo, 299";"5";"PCD Projetado";"1"
"-30.0353649";"-51.21123780000005";"Av. Osvaldo Aranha, 1128";"5";"PCD Projetado";"1"
"-30.0329995";"-51.215601600000014";"Av. Osvaldo Aranha, 648";"5";"PCD Projetado";"1"
"-30.01810552200009";"-51.19779026354064";"Rua Quintino Bocaiuva, 25";"6";"Idoso Projetado";"1"
"-30.02358468316078";"-51.204633668994916";"Barão de Santo Ângelo, 299";"6";"Idoso Projetado";"2"
"-30.035598001441286";"-51.210846917791";"Av. Osvaldo Aranha, 1174";"6";"Idoso Projetado";"3"
"-30.0327942";"-51.217435499999965";"Av. Osvaldo Aranha, 476";"6";"Idoso Projetado";"2"
"-30.0282174";"-51.2233335";"Av. Alberto Bins 355";"7";"Parquimetro";"13"
"-30.0281366";"-51.2219504";"Av. Alberto Bins, 467";"7";"Parquimetro";"16"
"-30.0280751";"-51.220468900000014";"Av. Alberto Bins 615";"7";"Parquimetro";"14"
"-30.0279477";"-51.2187942";"Av. Alberto Bins 781";"7";"Parquimetro";"15"
"-30.0278594";"-51.2186066";"Av. Alberto Bins 786";"7";"Parquimetro";"12"
"-30.0278214";"-51.2180828";"Av. Alberto Bins 870";"7";"Parquimetro";"9"
"-30.0278845";"-51.2177411";"Av. Alberto Bins 875";"7";"Parquimetro";"12"
"-30.0277167";"-51.2165281";"Av. Alberto Bins 998";"7";"Parquimetro";"18"
"-30.0282342";"-51.216604";"Av. Cristovão Colombo 64";"7";"Parquimetro";"23"
"-30.0284913";"-51.2209";"R. Cel Vicente 558";"7";"Parquimetro";"12"
"-30.0275377";"-51.2224012";"R. Pinto Bandeira 377";"7";"Parquimetro";"10"
"-30.0289633";"-51.2223922";"R. Pinto Bandeira 529";"7";"Parquimetro";"18"
"-30.0296387";"-51.2238932";"Av. dos Andradas 1774";"7";"Parquimetro";"19"
"-30.0300839";"-51.2191342";"R. Sarmento Leite, Defronte ao 77";"7";"Parquimetro";"18"
"-30.0305347";"-51.2189625";"Praça Dom Sebastião";"7";"Parquimetro";"11"
"-30.0304843";"-51.2268431";"R. Mal. Floriano 204";"7";"Parquimetro";"7"
"-30.0303347";"-51.2263362";"R. Gen. Vitorino 49";"7";"Parquimetro";"12"
"-30.0303862";"-51.22534410000003";"R. Gen. Vitorino 141";"7";"Parquimetro";"11"
"-30.03046959999999";"-51.224099300000034";"R. Gen. Vitorino 255";"7";"Parquimetro";"16"
"-30.0322063";"-51.2226587";"Praça Argentina";"7";"Parquimetro";"27"
"-30.0320702";"-51.2213651";"Av. Osvaldo Aranha 99";"7";"Parquimetro";"26"
"-30.0319941";"-51.2236294";"Praça Raul Pila";"7";"Parquimetro";"19"
"-30.031887";"-51.2296043";"Lg. João Amorim Albuquerque, defronte ao 46";"7";"Parquimetro";"32"
"-30.0315543";"-51.228854100000035";"R. Riachuelo 1270";"7";"Parquimetro";"14"
"-30.0326362";"-51.234299899999996";"R. Riachuelo 730";"7";"Parquimetro";"19"
"-30.03256";"-51.23366379999999";"R. Riachuelo 809";"7";"Parquimetro";"8"
"-30.0321452";"-51.2326355";"R. Riachuelo 900";"7";"Parquimetro";"19"
"-30.0320979";"-51.232234500000004";"R. Riachuelo 949";"7";"Parquimetro";"13"
"-30.0319161";"-51.231810800000005";"R. Riachuelo 984";"7";"Parquimetro";"16"
"-30.0324592";"-51.22869229999998";"R. Jerônimo Coelho 72";"7";"Parquimetro";"8"
"-30.0323872";"-51.2298673";"Praça Mal Deodoro 2";"7";"Parquimetro";"25"
"-30.0326494";"-51.2296799";"Praça Mal Deodoro, defronte ao 134";"7";"Parquimetro";"28"
"-30.0330234";"-51.2296111";"Praça Mal Deodoro, defronte ao 148";"7";"Parquimetro";"14"
"-30.0332863";"-51.2297126";"Praça Mal Deodoro, defronte ao 170";"7";"Parquimetro";"14"
"-30.033314";"-51.2315248";"R. Duque de Caxias 968";"7";"Parquimetro";"9"
"-30.03350080000001";"-51.229283899999984";"R. Duque de Caxias 1220";"7";"Parquimetro";"23"
"-30.037564";"-51.2285869";"R. Cel Genuino 449";"7";"Parquimetro";"9"
"-30.036413";"-51.2275679";"R. Cel Genuino 300";"7";"Parquimetro";"9"
"-30.0354456";"-51.2268185";"R. Cel Genuino 164";"7";"Parquimetro";"20"
"-30.0353582";"-51.226868";"R. Cel Genuino 177";"7";"Parquimetro";"15"
"-30.0364854";"-51.2267416";"R. José do Patrocínio 66";"7";"Parquimetro";"18"
"-30.0362944";"-51.2270732";"R. José do Patrocínio 31";"7";"Parquimetro";"13"
"-30.1118066";"-51.2553849";"Av. Wenceslau Escobar 2675";"7";"Parquimetro";"6"
"-30.1142894";"-51.2547326";"Av. Wenceslau Escobar 2951";"7";"Parquimetro";"10"
"-30.1143104";"-51.2544949";"Av. Wenceslau Escobar 2970";"7";"Parquimetro";"8"
"-30.1153479";"-51.2540603";"Av. Wenceslau Escobar 3086";"7";"Parquimetro";"11"
"-30.1123383";"-51.2560866";"R. Armando Barbedo 318";"7";"Parquimetro";"28"
"-30.1138192";"-51.2556419";"R. Almirante Delamare";"7";"Parquimetro";"25"
"-30.1144759";"-51.253933";"R. Dr. Mário Totta 645";"7";"Parquimetro";"18"
"-30.1148829";"-51.2553009";"R. Dr. Mário Totta 506";"7";"Parquimetro";"29"
"-30.0306382";"-51.2066814";"R. Castro Alves 389";"7";"Parquimetro";"27"
"-30.0303484";"-51.2077562";"R. Castro Alves 300";"7";"Parquimetro";"20"
"-30.0294335";"-51.2058569";"Miguel Tostes 139";"7";"Parquimetro";"8"
"-30.0303709";"-51.2058369";"Miguel Tostes 255";"7";"Parquimetro";"9"
"-30.0292908";"-51.2004905";"Lg. Caixeiros Viajantes";"7";"Parquimetro";"38"
"-30.029749";"-51.20510089999999";"R. Dona Laura 59";"7";"Parquimetro";"20"
"-30.029694";"-51.2036262";"R. Dona Laura 207";"7";"Parquimetro";"28"
"-30.0295193";"-51.2018444";"R. Dona Laura 380";"7";"Parquimetro";"32"
"-30.0305855";"-51.204204800000014";"R. Mariante 322";"7";"Parquimetro";"14"
"-30.0300112";"-51.2043133";"R. Mariante, defronte ao 284";"7";"Parquimetro";"16"
"-30.0298502";"-51.2029713";"R. Dr. Florencio Ygartua 368";"7";"Parquimetro";"19"
"-30.0306144";"-51.20292280000001";"R. Dr. Florencio Ygartua 451";"7";"Parquimetro";"19"
"-30.0290521";"-51.20297979999998";"R. Dr. Florencio Ygartua 288";"7";"Parquimetro";"16"
"-30.02681919999999";"-51.2031192";"R. Dr. Florencio Ygartua 36";"7";"Parquimetro";"28"
"-30.0275036";"-51.2031267";"R. Dr. Florencio Ygartua 83";"7";"Parquimetro";"17"
"-30.0282271";"-51.2031178";"R. Dr. Florencio Ygartua 155";"7";"Parquimetro";"21"
"-30.0283518";"-51.2043453";"R. Mariante, 86";"7";"Parquimetro";"33"
"-30.0268282";"-51.2034976";"R. 24 de Outubro 435";"7";"Parquimetro";"26"
"-30.0261872";"-51.2027159";"R. 24 de Outubro 529";"7";"Parquimetro";"24"
"-30.0259922";"-51.2025957";"R. 24 de Outubro 544";"7";"Parquimetro";"11"
"-30.0250317";"-51.2013831";"R. 24 de Outubro 676";"7";"Parquimetro";"16"
"-30.0257211";"-51.2013992";"R. Com. Caminha, defronte ao 362";"7";"Parquimetro";"36"
"-30.0262859";"-51.2012521";"R. Com. Caminha, defronte ao 312";"7";"Parquimetro";"20"
"-30.0250196";"-51.2001687";"Av. Goethe s/n";"7";"Parquimetro";"19"
"-30.0268277";"-51.2046762";"R. Fernando Gomes 156";"7";"Parquimetro";"34"
"-30.026";"-51.2046627";"R. Padre Chagas 66";"7";"Parquimetro";"22"
"-30.0260769";"-51.2036759";"R. Hilario Ribeiro 313";"7";"Parquimetro";"35"
"-30.0251547";"-51.2045291";"R. Hilario Ribeiro 202";"7";"Parquimetro";"38"
"-30.0252378";"-51.2036156";"R. Padre Chagas 185";"7";"Parquimetro";"21"
"-30.0256061";"-51.2021357";"24 de Outubro 600";"7";"Parquimetro";"26"
"-30.0247701";"-51.2029846";"R. Padre Chagas 277";"7";"Parquimetro";"10"
"-30.0244722";"-51.2026615";"R. Padre Chagas 327";"7";"Parquimetro";"26"
"-30.0239606";"-51.2039843";"R. Luciana de Abreu, defronte ao 267";"7";"Parquimetro";"49"
"-30.0233005";"-51.2044705";"R. Barão de Santo Angelo 299";"7";"Parquimetro";"25"
"-30.0230836";"-51.20369840000001";"R. Dinarte Ribeiro 51";"7";"Parquimetro";"27"
"-30.0234643";"-51.2030304";"R. Dinarte Ribeiro 131";"7";"Parquimetro";"46"
"-30.0228584";"-51.20252949999997";"Praça Mauricio Cardoso 99";"7";"Parquimetro";"34"
"-30.0225305";"-51.2030397";"Praça Mauricio Cardoso 100";"7";"Parquimetro";"25"
"-30.0221762";"-51.2024823";"Praça Mauricio Cardoso 160";"7";"Parquimetro";"23"
"-30.0231979";"-51.2019589";"R. Felix da Cunha 1157";"7";"Parquimetro";"10"
"-30.0227392";"-51.2014764";"R. Tobias da Silva 44";"7";"Parquimetro";"22"
"-30.0227281";"-51.2005928";"R. Tobias da Silva 123";"7";"Parquimetro";"13"
"-30.0591028";"-51.2303799";"Lg Telmo Thompson Flores 15";"7";"Parquimetro";"82"
"-30.0602481";"-51.22912359999998";"R. Antenor Lemos 56";"7";"Parquimetro";"24"
"-30.0607952";"-51.2294662";"R. Antenor Lemos 127";"7";"Parquimetro";"26"
"-30.0604187";"-51.2305242";"Av. Padre Cacique 96";"7";"Parquimetro";"5"
"-30.0596476";"-51.228221";"R. Grão Pará";"7";"Parquimetro";"37"
"-30.0586122";"-51.2280814";"R. Costa 159";"7";"Parquimetro";"18"
"-30.0581046";"-51.2286717";"R. Ribeiro Cancela 86";"7";"Parquimetro";"18"
"-30.0575632";"-51.228639";"R. Ribeiro Cancela 55";"7";"Parquimetro";"15"
"-30.0576123";"-51.229582";"R. Praia de Belas 2166";"7";"Parquimetro";"12"
"-30.0576077";"-51.2297939";"R. Praia de Belas, defronte ao 2166";"7";"Parquimetro";"28"
"-30.058845";"-51.2299582";"R. Praia de Belas, defronte ao 2284";"7";"Parquimetro";"7"
"-30.0449858";"-51.2306867";"R. Celeste Gobatto 226";"7";"Parquimetro";"21"
"-30.043159";"-51.2301741";"R. Dr. Vicente de Paula Dutra 344";"7";"Parquimetro";"11"
"-30.0443245";"-51.2303296";"Pca. Eng Guilherme Gaudenzi";"7";"Parquimetro";"33"
"-30.0442038";"-51.2294445";"R. Dr. Vicente de Paula Dutra 111";"7";"Parquimetro";"24"
"-30.0456481";"-51.2313801";"R. Dolores de Alcaras Caldas";"7";"Parquimetro";"21"
"-30.0457131";"-51.2304789";"R. Dolores de Alcaras Caldas";"7";"Parquimetro";"40"
"-30.0457212";"-51.229988";"R. Dolores de Alcaras Caldas";"7";"Parquimetro";"26"
"-30.0368144";"-51.2109292";"R. José Bonifácio 675";"7";"Parquimetro";"23"
"-30.0372433";"-51.2117921";"R. José Bonifácio 581";"7";"Parquimetro";"24"
"-30.0375093";"-51.212377";"R. José Bonifácio 519";"7";"Parquimetro";"29"
"-30.0383277";"-51.2109595";"R. Santa Terezinha 142";"7";"Parquimetro";"18"
"-30.0382913";"-51.2115605";"Av. Venâncio Aires 928";"7";"Parquimetro";"12"
"-30.0378177";"-51.2107879";"Av. Venancio Aires 1020";"7";"Parquimetro";"8"
"-30.0374287";"-51.2111855";"R. Santa Terezinha, defronte ao 35";"7";"Parquimetro";"19"
"-30.0379628";"-51.209707";"R. Jacinto Gomes 55";"7";"Parquimetro";"26"
"-30.0364889";"-51.2073065";"R. Francisco Ferrer 461";"7";"Parquimetro";"31"
"-30.0375435";"-51.2083651";"R. Ramiro Barcelos 2099";"7";"Parquimetro";"30"
"-30.0360765";"-51.2083793";"R. Ramiro Barcelos 1925";"7";"Parquimetro";"17"
"-30.032273";"-51.21086489999999";"R. Fernandes Vieira, 332";"7";"Parquimetro";"32"
"-30.0347878";"-51.2084313";"R. Ramiro Barcelos, 1805";"7";"Parquimetro";"19"
"-30.0351782";"-51.2082783";"R. Cesar Lombroso 49";"7";"Parquimetro";"25"
"-30.0346142";"-51.209665";"R. Bento Figueiredo 10";"7";"Parquimetro";"34"
"-30.0393539";"-51.2088444";"Trav. Miranda e Castro 39";"7";"Parquimetro";"28"
"-30.0361826";"-51.2110573";"Lg Faibes Lubianca Neto";"7";"Parquimetro";"16"
"-30.0351641";"-51.209709299999986";"R. Felipe Camarão 662";"7";"Parquimetro";"12"
"-30.0334654";"-51.20972660000001";"R. Felipe Camarão 480";"7";"Parquimetro";"11"
"-30.0334458";"-51.2109131";"R. Fernandes Vieira 456";"7";"Parquimetro";"31"
"-30.0342521";"-51.2109544";"R. Fernandes Vieira 550";"7";"Parquimetro";"30"
"-30.0326489";"-51.218451";"Av. Osvaldo Aranha 374";"7";"Parquimetro";"13"
"-30.033076";"-51.2165344";"Av. Osvaldo Aranha 564";"7";"Parquimetro";"14"
"-30.0332128";"-51.2158586";"Av. Osvaldo Aranha 632";"7";"Parquimetro";"18"
"-30.0338977";"-51.2142485";"Av. Osvaldo Aranha 806";"7";"Parquimetro";"17"
"-30.0343902";"-51.2132985";"Av. Osvaldo Aranha 908";"7";"Parquimetro";"14"
"-30.0348564";"-51.2124022";"Av. Osvaldo Aranha 1004";"7";"Parquimetro";"12"
"-30.03522";"-51.2116905";"Av. Osvaldo Aranha 1092";"7";"Parquimetro";"17"
"-30.0357664";"-51.2106184";"Av. Osvaldo Aranha 1200";"7";"Parquimetro";"5"
"-30.0480961";"-51.2119312";"Freitas e Castro, defronte ao 551";"7";"Parquimetro";"19"
"-30.048612";"-51.2130476";"Freitas e Castro, defronte ao 451";"7";"Parquimetro";"26"
"-30.0503605";"-51.2142008";"R. Marcílio Dias 1490";"7";"Parquimetro";"30"
"-30.0517148";"-51.21430409999999";"R. Gen Caldwell 1321";"7";"Parquimetro";"25"
"-30.0527163";"-51.21496";"R. Vinte de Setembro 239";"7";"Parquimetro";"28"
"-30.0527877";"-51.2143551";"R. Barão do Triunfo 712";"7";"Parquimetro";"22"
"-30.0539552";"-51.2147173";"R. Visconde do Herval 1350";"7";"Parquimetro";"18"
"-30.0292838";"-51.2279845";"Av. Borges de Medeiros 328";"7";"Parquimetro";"49"
"-30.0336759";"-51.228025";"Av. Borges de Medeiros 1001";"7";"Parquimetro";"11"
"-30.0337607";"-51.2278265";"Av. Borges de Medeiros 1012";"7";"Parquimetro";"11"
"-30.0353825";"-51.228190900000016";"Av. Borges de Medeiros 1001";"7";"Parquimetro";"12"
"-30.035555";"-51.2279186";"Borges de Medeiros x Viaduto Otávio Rocha B/C";"7";"Parquimetro";"30"
"-30.0365781";"-51.2282437";"Borges de Medeiros x Viaduto Otávio Rocha C/B";"7";"Parquimetro";"23"
"-30.0360396";"-51.227788";"R. Demétrio Ribeiro 1164";"7";"Parquimetro";"26"
"-30.0287141";"-51.2335545";"Av. Mauá 837";"7";"Parquimetro";"12"
"-30.0290623";"-51.2342939";"R. João Manoel 119";"7";"Parquimetro";"26"
"-30.02951";"-51.2352414";"Av. Mauá x R. Araújo Ribeiro";"7";"Parquimetro";"41"
"-30.0299965";"-51.2354324";"R. Siqueira Campos 664";"7";"Parquimetro";"14"
"-30.0296999";"-51.2345687";"R. Siqueira Campos 718";"7";"Parquimetro";"9"
"-30.0293442";"-51.2335426";"R. Siqueira Campos 832";"7";"Parquimetro";"10"
"-30.029031";"-51.2326846";"R. Siqueira Campos 896";"7";"Parquimetro";"31"
"-30.0287542";"-51.2318189";"R. Siqueira Campos 944";"7";"Parquimetro";"17"
"-30.0285376";"-51.2311403";"R. Siqueira Campos 1044";"7";"Parquimetro";"9"
"-30.0283442";"-51.2306085";"R. Siqueira Campos 1100";"7";"Parquimetro";"11"
"-30.0278276";"-51.2311041";"R. Cassiano Nascimento";"7";"Parquimetro";"11"
"-30.0278986";"-51.2292795";"R. Siqueira Campos 1248";"7";"Parquimetro";"5"
"-30.0277857";"-51.2283857";"Av. Borges de Medeiros 102";"7";"Parquimetro";"6"
"-30.0320539";"-51.2300822";"R. Gen Camara x Praça Mal Deodoro";"7";"Parquimetro";"18"
"-30.0302938";"-51.2349129";"Trav. Araújo Ribeiro, Defronte ao 305";"7";"Parquimetro";"14"
"-30.0299616";"-51.2337705";"R. Ge. João Manoel 157";"7";"Parquimetro";"26"
"-30.0309539";"-51.235081";"R. Sete de Setembro 531";"7";"Parquimetro";"15"
"-30.0305561";"-51.23405819999999";"R. Sete de Setembro 641";"7";"Parquimetro";"36"
"-30.0304981";"-51.234084";"R. Sete de Setembro 630";"7";"Parquimetro";"8"
"-30.0301579";"-51.233211";"R. Sete de Setembro 730";"7";"Parquimetro";"8"
"-30.0302917";"-51.2332178";"R. Sete de Setembro 723";"7";"Parquimetro";"20"
"-30.0301283";"-51.2327498";"R. Sete de Setembro 769";"7";"Parquimetro";"13"
"-30.0301823";"-51.2320697";"R. Caldas Junior  219";"7";"Parquimetro";"9"
"-30.0309258";"-51.2317376";"R. Caldas Junior, defronte ao 300";"7";"Parquimetro";"7"
"-30.0314918";"-51.2315562";"R. Caldas Júnior 345";"7";"Parquimetro";"13"
"-30.0294823";"-51.2324747";"R. Caldas Júnior 121";"7";"Parquimetro";"19"
"-30.0308245";"-51.2323049";"R. dos Andradas 933";"7";"Parquimetro";"10"
"-30.0308583";"-51.2335411";"R. Gen. João Manoel 217";"7";"Parquimetro";"12"
"-30.0315834";"-51.233231699999976";"R. Gen. João Manoel 300";"7";"Parquimetro";"9"
"-30.0289143";"-51.2088856";"Av. Independência, 1200";"7";"Parquimetro";"23"
"-30.0290087";"-51.2098043";"Av. Independência, 1114";"7";"Parquimetro";"77"
"-30.0310674";"-51.2329761";"R. dos Andradas, 861";"7";"Parquimetro";"12"
"-30.0385028";"-51.2083369";"R. Ramiro Barcelos, 2205";"7";"Parquimetro";"19"
"-30.0278763";"-51.2267239";"Praça Quinze de Novembro, 38";"7";"Parquimetro";"30"
"-30.0280965";"-51.2213109";"Av. Alberto Bins, 537";"7";"Parquimetro";"10"
"-30.0342739";"-51.2278318";"Av. Borges de Medeiros x Rua Duque de Caxias B/C Defronte ao nº 901";"7";"Parquimetro";"15"
"-30.0225154";"-51.1995293";"R. Tobias da Silva, 236";"7";"Parquimetro";"18"
"-30.0225356";"-51.1987915";"R. Tobias da Silva, 287";"7";"Parquimetro";"12"
"-30.028457932689733";"-51.22413140978699";"Av. Otávio Rocha, 236";"7";"Parquimetro";"12"
"-30.0305956";"-51.2188733";"R. Irmão José Otão 11";"8";"Parquímetro Retirado";"22"
"-30.0439459";"-51.1820941";"R. Caju 68";"8";"Parquímetro Retirado";"21"
"-30.0430943";"-51.1813454";"Av. Protásio Alves 2760";"8";"Parquímetro Retirado";"29"
"-30.0219559";"-51.1929174";"R. 24 de Outubro 1585";"8";"Parquímetro Retirado";"19"
"-30.0217691";"-51.1923328";"R. 24 de Outubro 1648";"8";"Parquímetro Retirado";"31"
"-30.0228061";"-51.2025684";"Praça Mauricio Cardoso, defronte ao 99";"8";"Parquímetro Retirado";"0"
"-30.020194";"-51.2073613";"R. Sete de Abril 450";"8";"Parquímetro Retirado";"24"
"-30.0224198";"-51.2084235";"R. Dr Valle 41";"8";"Parquímetro Retirado";"25"
"-30.0208625";"-51.2082377";"R. Hoffman 609";"8";"Parquímetro Retirado";"15"
"-30.0197454";"-51.2066332";"Av. Cristovão Colombo 1380";"8";"Parquímetro Retirado";"9"
"-30.0199652";"-51.2066204";"Av. Cristovão Colombo 1335";"8";"Parquímetro Retirado";"14"
"-30.0193924";"-51.2063313";"Av. Cristovão Colombo 1430";"8";"Parquímetro Retirado";"13"
"-30.0195185";"-51.2062271";"Av. Cristovão Colombo 1413";"8";"Parquímetro Retirado";"10"
"-30.01803";"-51.1980363";"Av. Cristovão Colombo 2211";"8";"Parquímetro Retirado";"11"
"-30.0186117";"-51.1979765";"R. Quintino Bocaiuva 41";"8";"Parquímetro Retirado";"12"
"-30.0186233";"-51.1976202";"R. Cel. Bordini, defronte ao 85";"8";"Parquímetro Retirado";"23"
"-30.0187752";"-51.1974815";"R. Cel. Bordini 96";"8";"Parquímetro Retirado";"19"
"-30.019344";"-51.1974636";"R. Cel. Bordini 155";"8";"Parquímetro Retirado";"25"
"-30.0198996";"-51.1979079";"R. Marques do Pombal, defronte 641";"8";"Parquímetro Retirado";"8"
"-30.031557225638636";"-51.22808492576024";"Rua Riachuelo nº 1334";"9";"Carga e Descarga Permitida";"2"
"-30.03160785301806";"-51.23050231840267";"Rua Riachuelo nº 1134DF";"9";"Carga e Descarga Permitida";"3"
"-30.03184522766061";"-51.2313899052167";"Rua Riachuelo nº 1031";"9";"Carga e Descarga Permitida";"1"
"-30.032154345477405";"-51.23240348803739";"Rua Riachuelo nº 933";"9";"Carga e Descarga Permitida";"1"
"-30.03276472702856";"-51.23442729386579";"Rua Riachuelo nº 731";"9";"Carga e Descarga Permitida";"2"
"-30.03284850000000";"-51.23481420000002";"Rua Riachuelo nº 678 (CDP DAS 07 ÀS 19H)";"9";"Carga e Descarga Permitida";"1"
"-30.0333097266183";"-51.23632770582839";"Rua Riachuelo nº 535DF";"9";"Carga e Descarga Permitida";"1"
"-30.033949200000002";"-51.23848968037396";"Rua Riachuelo nº 296 - PE 2-6ª 7 Às 19h Sab 9 às 13h - CDP";"9";"Carga e Descarga Permitida";"1"
"-30.03299020291079";"-51.238614230491805";"Rua dos Andradas nº 299";"9";"Carga e Descarga Permitida";"3"
"-30.0323682";"-51.236893099999975";"Rua dos Andradas nº 477 (Somente caminhonete)";"9";"Carga e Descarga Permitida";"2"
"-30.03166030752062";"-51.23468948098565";"Rua dos Andradas nº 685 ()";"9";"Carga e Descarga Permitida";"5"
"-30.03141280351633";"-51.234159437434414";"Rua dos Andradas nº 749";"9";"Carga e Descarga Permitida";"2"
"-30.03103083961592";"-51.23309865152055";"Rua dos Andradas nº 860";"9";"Carga e Descarga Permitida";"4"
"-30.03085228127426";"-51.232752776057396";"Rua dos Andradas nº 904";"9";"Carga e Descarga Permitida";"2"
"-30.029693531501216";"-51.224537696924244";"Rua dos Andradas nº 1700";"9";"Carga e Descarga Permitida";"2"
"-30.029576686189067";"-51.23393016120252";"Rua Siqueira Campos nº 805";"9";"Carga e Descarga Permitida";"1"
"-30.028550282378745";"-51.23076515456495";"Rua Cassiano Nascimento";"9";"Carga e Descarga Permitida";"3"
"-30.0306257";"-51.22935080000002";"Rua Andrade Neves nº 59";"9";"Carga e Descarga Permitida";"3"
"-30.030585";"-51.23563660000002";"Rua Bento Martins nº 44 - PE 2-6ª 7 Às 19h - CDP das 7 às 15h ";"9";"Carga e Descarga Permitida";"2"
"-30.033356514280236";"-51.23449013128277";"Rua Bento Martins nº 401 - PE 2-6ª 7 Às 19h Sab 9 às 13h - CDP";"9";"Carga e Descarga Permitida";"4"
"-30.0346168364118";"-51.233834806745904";"Rua Bento Martins nº 557 - PE 2-6ª 7 Às 19h Sab 9 às 13h - CDP";"9";"Carga e Descarga Permitida";"3"
"-30.03249556215063";"-51.22799094236257";"Rua Jerônimo Coelho nº 127DF";"9";"Carga e Descarga Permitida";"2"
"-30.037144502081144";"-51.23083107116395";"Rua Washington Luis nº 960 - PE 2-6ª 7 Às 19h Sab 9 às 13h - CDP";"9";"Carga e Descarga Permitida";"1"
"-30.03673305999353";"-51.232173200000034";"Rua Washington Luis nº 815 - PE 2-6ª 7 Às 19h Sab 9 às 13h - CDP";"9";"Carga e Descarga Permitida";"1"
"-30.0363377200504";"-51.234017192071406";"Rua Washington Luis nº 630";"9";"Carga e Descarga Permitida";"2"
"-30.035191097771378";"-51.22792024722139";"Av. Borges de Medeiros  nº 980";"9";"Carga e Descarga Permitida";"1"
"-30.0368531";"-51.228289099999984";"Av. Borges de Medeiros  nº 1137";"9";"Carga e Descarga Permitida";"1"
"-30.03572654583015";"-51.233520788954934";"Rua Demétrio Ribeiro nº 581 - PE 2-6ª 7 Às 19h Sab 9 às 13h - CDP";"9";"Carga e Descarga Permitida";"3"
"-30.03612255679103";"-51.23035536441802";"Rua Demétrio Ribeiro nº 918";"9";"Carga e Descarga Permitida";"3"
"-30.036197840279105";"-51.229792355819654";"Rua Demétrio Ribeiro nº 935 - PE 2-6ª 7 Às 19h Sab 9 às 13h - CDP";"9";"Carga e Descarga Permitida";"1"
"-30.036050027579666";"-51.229010584655725";"Rua Demétrio Ribeiro nº 1042 - PE 2-6ª 7 Às 19h Sab 9 às 13h - CDP";"9";"Carga e Descarga Permitida";"3"
"-30.030913839129276";"-51.23784112222904";"Rua Siqueira Campos nº 431 (CDP das 10 às 16h)";"9";"Carga e Descarga Permitida";"1"
"-30.03349302404696";"-51.231572920832036";"Rua Gen Auto x Duque de Caxias ";"9";"Carga e Descarga Permitida";"1"
"-30.033545496027592";"-51.22972526193655";"Rua Espirito Santo x Duque de Caxias ";"9";"Carga e Descarga Permitida";"2"
"-30.033715976574246";"-51.23682734232784";"Rua Gen Portinho nº 332";"9";"Carga e Descarga Permitida";"1"
"-30.03534839506622";"-51.22731424418032";"Rua Mal Floriano Peixoto nº 715";"9";"Carga e Descarga Permitida";"3"
"-30.02741700557674";"-51.23074819386579";"Rua Gen Camara nº 20DF (Somente Motocicletas)";"9";"Carga e Descarga Permitida";"7"
"-30.034892533202125";"-51.22706855439225";"Rua Fernando Machado nº 1156";"9";"Carga e Descarga Permitida";"1"
"-30.036688238000902";"-51.22780362016829";"Rua Cel Genuino nº 330";"9";"Carga e Descarga Permitida";"2"
"-30.03589643218314";"-51.227253767320235";"Rua Cel Genuino nº 217";"9";"Carga e Descarga Permitida";"3"
"-30.03601949919178";"-51.227237674066146";"Rua José do Patrocínio nº 14";"9";"Carga e Descarga Permitida";"1"
"-30.029827426019068";"-51.22465945581973";"Rua Dr Flores nº 307DF";"9";"Carga e Descarga Permitida";"7"
"-30.030518137031287";"-51.22363638465578";"Rua General Vitorino nº 305";"9";"Carga e Descarga Permitida";"1"
"-30.028046181272074";"-51.22379195277864";"Rua Senhor dos Passos nº 104";"9";"Carga e Descarga Permitida";"1"
"-30.0288015";"-51.22386849999998";"Praça Otávio Rocha  nº 71";"9";"Carga e Descarga Permitida";"2"
"-30.027249147759466";"-51.22250410560662";"Rua Pinto Bandeira nº 335";"9";"Carga e Descarga Permitida";"2"
"-30.02895498161677";"-51.22237876695033";"Rua Pinto Bandeira nº 513";"9";"Carga e Descarga Permitida";"2"
"-30.028085534826793";"-51.22214115358429";"Rua Alberto Bins nº 458";"9";"Carga e Descarga Permitida";"1"
"-30.028014259004095";"-51.221043121853654";"Rua Alberto Bins nº 554";"9";"Carga e Descarga Permitida";"1"
"-30.02799858529861";"-51.2193867778642";"Rua Alberto Bins nº 669";"9";"Carga e Descarga Permitida";"2"
"-30.02793820793687";"-51.21941896437238";"Rua Alberto Bins nº 702";"9";"Carga e Descarga Permitida";"2"
"-30.028889074552428";"-51.220937659241486";"Rua Cel Vicente nº 591";"9";"Carga e Descarga Permitida";"6"
"-30.026716621592538";"-51.220943098147586";"Rua Cel Vicente nº 383";"9";"Carga e Descarga Permitida";"10"
"-30.027554945079537";"-51.220943098147586";"Rua Cel Vicente nº 451";"9";"Carga e Descarga Permitida";"3"
"-30.031564";"-51.22486279999998";"Praça Conde de Porto Alegre  nº 16";"9";"Carga e Descarga Permitida";"2"
"-30.032188267172877";"-51.22449222193188";"Rua Duque de Caxias nº 1735";"9";"Carga e Descarga Permitida";"2"
"-30.03284744767652";"-51.225503179877705";"Rua Duque de Caxias nº 1588";"9";"Carga e Descarga Permitida";"1"
"-30.03360444674925";"-51.22706422552437";"Rua Duque de Caxias nº 1405";"9";"Carga e Descarga Permitida";"1"
"-30.026338264212036";"-51.22418383795929";"Praça Rui Barbosa nº 188";"9";"Carga e Descarga Permitida";"2"
"-30.026890956840496";"-51.22457544047546";"Praça Rui Barbosa nº 189";"9";"Carga e Descarga Permitida";"3"
"-30.026485514090187";"-51.22767283590372";"Praça Revolução Farroupilha";"9";"Carga e Descarga Permitida";"2"
"-30.026642265230976";"-51.2268775609308";"Av. Júlio de Castilhos  nº 10 (2ª a 6ª das 20 às 16h)";"9";"Carga e Descarga Permitida";"1"
"-30.024977419648682";"-51.22330943782043";"Rua Chaves Barcelos nº 36 (Somente Caminhonete)";"9";"Carga e Descarga Permitida";"5"
"-30.025051732461975";"-51.22334698874664";"Rua Chaves Barcelos nº 27 (Somente Caminhonete)";"9";"Carga e Descarga Permitida";"6"
"-30.02570665903883";"-51.22316729224195";"Rua Chaves Barcelos nº 157 (Somente Caminhonete | Das 09 às 16h)";"9";"Carga e Descarga Permitida";"8"
"-30.026585552553765";"-51.22250954926898";"Praça Osvaldo Cruz 10";"9";"Carga e Descarga Permitida";"1"
"-30.025680482615112";"-51.22029749057424";"Rua Com Manoel Pereira nº 237";"9";"Carga e Descarga Permitida";"2"
"-30.022858";"-51.218969000000016";"Largo Vespasiano Júlio Veppo  nº 13";"9";"Carga e Descarga Permitida";"1"
"-30.034028";"-51.22333370000001";"Tv Tuyuty  nº 91";"9";"Carga e Descarga Permitida";"1"
"-30.0329189";"-51.222948900000006";"Av. João Pessoa  nº 41";"9";"Carga e Descarga Permitida";"1"
"-30.033154097870902";"-51.22384494217454";"Av. Des. André da Rocha  nº 92";"9";"Carga e Descarga Permitida";"1"
"-30.03363865318097";"-51.224567142327885";"Av. Des. André da Rocha  nº 165";"9";"Carga e Descarga Permitida";"1"
"-30.03672455572242";"-51.226518446634316";"Rua José do Patrocínio nº 102";"9";"Carga e Descarga Permitida";"2"
"-30.03774335356917";"-51.228043801323224";"Praça dos Açorianos";"9";"Carga e Descarga Permitida";"1"
"-30.03226579089469";"-51.22598429687815";"Rua Vigário José Inácio nº 715";"9";"Carga e Descarga Permitida";"1"
"-30.031720705255516";"-51.227017923188384";"Rua Mal Floriano Peixoto nº 333";"9";"Carga e Descarga Permitida";"5"
"-30.032145255783373";"-51.22705513372955";"Rua Mal Floriano Peixoto nº 363 (Som. Motos)";"9";"Carga e Descarga Permitida";"1"
"-30.026083569743676";"-51.22596529881133";"Rua Vigário José Inácio nº 15";"9";"Carga e Descarga Permitida";"1"
"-30.028118774757896";"-51.228219043022136";"Largo Glênio Peres  nº 115 (Motocicletas das 10 às 20h - Caminhão das 22 às 10h)";"9";"Carga e Descarga Permitida";"1"
"-30.02803981983472";"-51.22825793505285";"Av. Borges de Medeiros nº 138 (Carga e Descarga Permitida das 22 às 10 | Caminhão | Paralelo)";"9";"Carga e Descarga Permitida";"4"
"-30.028073491794938";"-51.22829950929258";"Av. Borges de Medeiros nº 138 (Carga e Descarga | Fila Dupla permitida das 20 às 09h)";"9";"Carga e Descarga Permitida";"2"
"-30.03614963705119";"-51.23742359752032";"Rua Gen Vasco Alves nº 508";"9";"Carga e Descarga Permitida";"1"
"-30.0347053334825";"-51.238008319085566";"Rua Gen Vasco Alves nº 330";"9";"Carga e Descarga Permitida";"2"
"-30.035227149300173";"-51.23958402634497";"Rua Duque de Caxias nº 170";"9";"Carga e Descarga Permitida";"1"
"-30.036438062930316";"-51.23184243699097";"Rua Gen Auto nº 338";"9";"Carga e Descarga Permitida";"1"
"-30.035036159274206";"-51.23241322153626";"Rua Fernando Machado nº 530 - PE 2-6ª 7 Às 19h Sab 9 às 13h - CDP";"9";"Carga e Descarga Permitida";"2"
"-30.03498987226977";"-51.22992343560924";"Rua Fernando Machado nº 788 - PE 2-6ª 7 Às 19h Sab 9 às 13h - CDP";"9";"Carga e Descarga Permitida";"2"
"-30.035090060938792";"-51.23067585522631";"Rua Fernando Machado nº 707 - PE 2-6ª 7 Às 19h Sab 9 às 13h - CDP";"9";"Carga e Descarga Permitida";"2"
"-30.034991144205584";"-51.22819883873274";"Rua Fernando Machado nº 939";"9";"Carga e Descarga Permitida";"2"
"-30.033319288439056";"-51.232347926973944";"Rua Duque de Caxias nº 901";"9";"Carga e Descarga Permitida";"1"
"-30.0334175";"-51.228528100000005";"Rua Duque de Caxias nº 1262";"9";"Carga e Descarga Permitida";"2"
"-30.032335778346482";"-51.2299239442458";"Praça Marechal Deodoro nº 2 (Somente Caminhonete)";"9";"Carga e Descarga Permitida";"1"
"-30.032401442488585";"-51.22924476300335";"Rua Jerônimo Coelho nº 12";"9";"Carga e Descarga Permitida";"1"
"-30.033189517900706";"-51.23274844462071";"Rua João Manoel nº 462 - Somente Caminhonete";"9";"Carga e Descarga Permitida";"1"
"-30.031890790842343";"-51.233162702270306";"Rua João Manoel nº 316";"9";"Carga e Descarga Permitida";"1"
"-30.029572906608905";"-51.23234840388113";"Rua Caldas Junior nº 120";"9";"Carga e Descarga Permitida";"3"
"-30.031720808146222";"-51.231379030914866";"Rua Caldas Junior nº 390";"9";"Carga e Descarga Permitida";"3"
"-30.031093639425812";"-51.23170504675909";"Rua Caldas Junior nº 261";"9";"Carga e Descarga Permitida";"1"
"-30.032586099546993";"-51.237273663897895";"Rua Gen Portinho nº 226";"9";"Carga e Descarga Permitida";"1"
"-30.029271327293614";"-51.23467802850121";"Av. Mauá  nº 701";"9";"Carga e Descarga Permitida";"1"
"-30.029060469056386";"-51.23211834070037";"Rua Capitão Montanha ";"9";"Carga e Descarga Permitida";"1"
"-30.028878860796556";"-51.230065577450944";"Rua Gen Camara nº DF40 (2ª a 6ª das 6 às 20h | Sábados das 6 Às 13h)";"9";"Carga e Descarga Permitida";"9"
"-30.02880797924337";"-51.22870990690183";"Rua Uruguai nº 240";"9";"Carga e Descarga Permitida";"1"
"-30.028003682903467";"-51.22468930000002";"Rua Dr Flores nº 105 (2ª a 6ª das 20 às 16h)";"9";"Carga e Descarga Permitida";"7"
"-30.03392832961378";"-51.23518918836061";"Rua Duque de Caxias n 624";"9";"Carga e Descarga Permitida";"1"
"-30.026425589738004";"-51.22614964232787";"Av. Júlio de Castilhos  nº 64 (2ª a 6ª das 20 às 16h)";"9";"Carga e Descarga Permitida";"1"
"-30.02711251716619";"-51.22831656606729";"Av. Júlio de Castilhos  nº 1 (Das 06 às 10h)";"9";"Carga e Descarga Permitida";"9"
"-30.0332051";"-51.23265070000002";"Rua João Manoel  nº 462";"9";"Carga e Descarga Permitida";"1"
"-30.0342545";"-51.235904600000026";"Rua Duque de Caxias nº 567";"9";"Carga e Descarga Permitida";"1"
"-30.029870111353734";"-51.224740562565614";"Rua Doutor Flores nº 307 (Somente Motocicletas)";"9";"Carga e Descarga Permitida";"4"
"-30.0300769";"-51.22483699999998";"Rua Doutor Flores nº 323 (Somente Caminhonete)";"9";"Carga e Descarga Permitida";
"-30.02848172024418";"-51.22239267810892";"Rua Pinto Bandeira nº 471";"9";"Carga e Descarga Permitida";
"-30.026585552553765";"-51.222458587297695";"Praça Osvaldo Cruz nº 15";"9";"Carga e Descarga Permitida";"1"
"-30.0246969";"-51.22157199999998";"Rua Cel Vicente nº 134DF (Das 10 às 16h)";"9";"Carga e Descarga Permitida";"5"
"-30.03482486455087";"-51.23476547116394";"Rua Fernando Machado, n° 306";"9";"Carga e Descarga Permitida";"1"
"-30.028237599999976";"-51.202991446032684";"Rua Dr. Florêncio Ygartua, n° 188";"9";"Carga e Descarga Permitida";
"-30.026208627365207";"-51.20345449919739";"Rua Dr. Hilário Ribeiro, n° 300 | PE DAS 8 AS 20H CARGA E DESCARGA PERMITIDA";"9";"Carga e Descarga Permitida";
"-30.0276375";"-51.20197989999997";"Rua Comendador Caminha, n° 102 | PE DAS 6 AS 20H CARGA E DESCARGA PERMITIDA";"9";"Carga e Descarga Permitida";
"-30.025241856328435";"-51.2036490539673";"Rua Padre Chagas, n° 186 | PE DAS 8 AS 20H CARGA E DESCARGA PERMITIDA";"9";"Carga e Descarga Permitida";
"-30.024514569844793";"-51.202792096295184";"Rua Padre Chagas, n° 310 | PE DAS 8 AS 20H CARGA E DESCARGA PERMITIDA";"9";"Carga e Descarga Permitida";
"-30.026310399999993";"-51.204899462565606";"Rua Padre Chagas, n° 25";"9";"Carga e Descarga Permitida";
"-30.02564199736928";"-51.20422697539368";"Rua Padre Chagas, n° 80 - Somente Motocicleta";"9";"Carga e Descarga Permitida";
"-30.02580312133783";"-51.20219350859833";"R. 24 de Outubro, n° 591";"9";"Carga e Descarga Permitida";
"-30.022926450816716";"-51.20269597116396";"Praça Dr. Maurício Cardoso, 81";"9";"Carga e Descarga Permitida";"1"
"-30.02314170853978";"-51.20345805977172";"R. Dinarte Ribeiro, 56";"9";"Carga e Descarga Permitida";"1"
"-30.022512297996293";"-51.19948426441806";"R. Tobias da Silva, 221 - PROIBIDO ESTACIONAR CARGA E DESCARGA PERMITIDA DAS 7 ÀS 19H";"9";"Carga e Descarga Permitida";"1"
"-30.022651493855886";"-51.2008877128975";"R. Tobias da Silva, 120";"9";"Carga e Descarga Permitida";"1"
"-30.03127261064474";"-51.235336435581985";"R. Gen. Bento Martins, 168 - PE 2-6ª 7 Às 19h Sab 9 às 15h - CDP";"9";"Carga e Descarga Permitida";"2"
"-30.02209629999999";"-51.1951042";"Av Nova York 10";"9";"Carga e Descarga Permitida";"0"
"-30.0211723";"-51.1923008";"R. Cândido Silveira, 198 - Auxiliadora, Porto Alegre - RS, 90540-010, Brasil";"9";"Carga e Descarga Permitida";"0"
"-30.021837835645517";"-51.192280974868765";"R. 24 de Outubro, 1647 - Auxiliadora, Porto Alegre - RS, Brasil";"9";"Carga e Descarga Permitida";"0"
"-30.044846484698166";"-51.21442979249878";"Av. da Azenha, 103-141 - Azenha, Porto Alegre - RS, Brasil";"9";"Carga e Descarga Permitida";"0"
"-30.045846";"-51.21407250000004";"Av. da Azenha, 221 - Azenha, Porto Alegre - RS, Brasil";"9";"Carga e Descarga Permitida";
"-30.0497518";"-51.21110340000001";"Rua Dr. Ramiro D'Ávila, 212 - Azenha, Porto Alegre - RS, 90620-050, Brasil";"9";"Carga e Descarga Permitida";"0"
"-30.0541632";"-51.21507580000002";"Rua 20 de Setembro, 394 - Azenha, Porto Alegre - RS, 90130-090, Brasil";"9";"Carga e Descarga Permitida";"0"
"-30.0317572";"-51.193269999999984";"R. Eng. Olávo Nunes, 99 - Bela Vista, Porto Alegre - RS, 90440-170, Brasil";"9";"Carga e Descarga Permitida";"0"
"-30.0353514";"-51.18702589999998";"R. Jaraguá, 630 - Bela Vista, Porto Alegre - RS, 90450-140, Brasil";"9";"Carga e Descarga Permitida";"0"
"-30.028861122519256";"-51.1800372656067";"Alameda Maj. Francisco Barcelos, 105 - Boa Vista, Porto Alegre - RS, 91340-390, Brasil";"9";"Carga e Descarga Permitida";"0"
"-30.0218408";"-51.182191399999965";"Rua Inácio Vasconcelos, 40 - Boa Vista, Porto Alegre - RS, 90480-160, Brasil";"9";"Carga e Descarga Permitida";"0"
"-30.017768928484728";"-51.172534657672145";"R. Gen. Tasso Fragoso, 28 - Boa Vista, Porto Alegre - RS, 90520-580, Brasil";"9";"Carga e Descarga Permitida";"0"
"-30.0339647";"-51.2136807";"Av. Cauduro, 11 - Bom Fim, Porto Alegre - RS, 90035-110, Brasil";"9";"Carga e Descarga Permitida";"0"
"-30.032908";"-51.21156380000002";"R. Henrique Dias, 86 - Bom Fim, Porto Alegre - RS, 90035-100, Brasil";"9";"Carga e Descarga Permitida";"0"
"-30.0304569";"-51.21692410000003";"R. Irmão José Otao, 166 - Independência, Porto Alegre - RS, 90035-060, Brasil";"9";"Carga e Descarga Permitida";"0"
"-30.0328588";"-51.21452390000002";"R. Santo Antonio, 865 - Bom Fim, Porto Alegre - RS, 90220-011, Brasil";"9";"Carga e Descarga Permitida";"0"
"-30.10512649999999";"-51.232870400000024";"R. Silvio Silveira Soares, 2751 - Camaquã, Porto Alegre - RS, 91910-460, Brasil";"9";"Carga e Descarga Permitida";"0"
"-30.1087939";"-51.241302700000006";"Rua Victor Silva, 229 - Camaquã, Porto Alegre - RS, 91910-171, Brasil";"9";"Carga e Descarga Permitida";"0"
"-30.08203779999999";"-51.19546120000001";"R. Cap. Padilha, 352 - Cascata, Porto Alegre - RS, 91710-100, Brasil";"9";"Carga e Descarga Permitida";"0"
"-30.097499";"-51.23155350000002";"Av. da Cavalhada, 2383 - Cavalhada, Porto Alegre - RS, 91740-001, Brasil";"9";"Carga e Descarga Permitida";"0"
"-30.0435903";"-51.221454800000004";"Av. Aureliano de Figueiredo Pinto, 964 - Praia de Belas, Porto Alegre - RS, 90050-190, Brasil";"9";"Carga e Descarga Permitida";"0"
"-30.0431892";"-51.22010239999997";"Av. Venâncio Aires, 88 - Cidade Baixa, Porto Alegre - RS, Brasil";"9";"Carga e Descarga Permitida";"0"
"-30.0422879";"-51.2184082";"Av. Venâncio Aires, 160 - Cidade Baixa, Porto Alegre - RS, 90040-191, Brasil";"9";"Carga e Descarga Permitida";"0"
"-30.0419174";"-51.22741450000001";"Praça Cônego Marcelino, 41 - Cidade Baixa, Porto Alegre - RS, 90050-280, Brasil";"9";"Carga e Descarga Permitida";"0"
"-30.0358157";"-51.22183039999999";"Praça Prof. Saint-Pastous, 125 - Cidade Baixa, Porto Alegre - RS, 90050-390, Brasil";"9";"Carga e Descarga Permitida";"0"
"-30.0403529";"-51.22141750000003";"R. Alberto Tôrres, 173 - Cidade Baixa, Porto Alegre - RS, Brasil";"9";"Carga e Descarga Permitida";"0"
"-30.0406455";"-51.222004700000014";"R. Alberto Tôrres, 228 - Cidade Baixa, Porto Alegre - RS, Brasil";"9";"Carga e Descarga Permitida";"0"
"-30.0367706";"-51.22367220000001";"R. Gen. Lima e Silva, 331 - Centro Histórico, Porto Alegre - RS, 90050-101, Brasil";"9";"Carga e Descarga Permitida";"0"
"-30.0407219";"-51.2254269";"R. João Alfredo, 440 - Cidade Baixa, Porto Alegre - RS, 90050-003, Brasil";"9";"Carga e Descarga Permitida";"0"
"-30.0421404";"-51.221340699999985";"R. Joaquim Nabuco, 285 - Cidade Baixa, Porto Alegre - RS, 90050-340, Brasil";"9";"Carga e Descarga Permitida";"0"
"-30.0412663";"-51.221352499999966";"R. Lopo Gonçalves, 375 - Cidade Baixa, Porto Alegre - RS, 90050-350, Brasil";"9";"Carga e Descarga Permitida";"0"
"-30.0392992";"-51.2216219";"Rua Luiz Afonso, 273 - Cidade Baixa, Porto Alegre - RS, 90050-310, Brasil";"9";"Carga e Descarga Permitida";"0"
"-30.0398557";"-51.22235039999998";"Rua Luiz Afonso, 360 - Cidade Baixa, Porto Alegre - RS, 90050-310, Brasil";"9";"Carga e Descarga Permitida";"0"
"-30.0393772";"-51.218204600000035";"Rua Octávio Corrêa, 15 - Cidade Baixa, Porto Alegre - RS, 90050-120, Brasil";"9";"Carga e Descarga Permitida";"0"
"-30.0390859";"-51.22353250000003";"R. da República, 420 - Cidade Baixa, Porto Alegre - RS, 90050-320, Brasil";"9";"Carga e Descarga Permitida";"0"
"-30.0393567";"-51.22420420000003";"R. da República, 490 - Cidade Baixa, Porto Alegre - RS, 90050-320, Brasil";"9";"Carga e Descarga Permitida";"0"
"-30.039364";"-51.224606900000026";"R. da República, 518 - Cidade Baixa, Porto Alegre - RS, 90050-321, Brasil";"9";"Carga e Descarga Permitida";"0"
"-30.0869624";"-51.23831259999997";"R. Jataí, 331 - Cristal, Porto Alegre - RS, 90820-190, Brasil";"9";"Carga e Descarga Permitida";"0"
"-30.0130908";"-51.15604589999998";"R. Adão Baino, 285 - Cristo Redentor, Porto Alegre - RS, 91350-240, Brasil";"9";"Carga e Descarga Permitida";"0"
"-30.0109072";"-51.158262000000036";"R. Álvares Cabral, 25 - Cristo Redentor, Porto Alegre - RS, 91040-140, Brasil";"9";"Carga e Descarga Permitida";"0"
"-30.0106987";"-51.162437100000034";"Rua Enes Bandeira, 20 - Cristo Redentor, Porto Alegre - RS, 91040-330, Brasil";"9";"Carga e Descarga Permitida";"0"
"-30.0161128";"-51.156903";"R. Marco Polo, 93 - Cristo Redentor, Porto Alegre - RS, 91350-280, Brasil";"9";"Carga e Descarga Permitida";"0"
"-30.0416147";"-51.21736340000001";"Av. Venâncio Aires, 276 - Cidade Baixa, Porto Alegre - RS, 90040-191, Brasil";"9";"Carga e Descarga Permitida";"0"
"-30.0374525";"-51.21120259999998";"Rua Santa Terezinha, 42 - Farroupilha, Porto Alegre - RS, 90040-180, Brasil";"9";"Carga e Descarga Permitida";"0"
"-30.0193346";"-51.20579150000003";"R. Câncio Gomes, 765 - Floresta, Porto Alegre - RS, 90220-060, Brasil";"9";"Carga e Descarga Permitida";"0"
"-30.0177058";"-51.200244199999986";"R. Dr. Timóteo, 289 - Floresta, Porto Alegre - RS, Brasil";"9";"Carga e Descarga Permitida";"0"
"-30.0238441";"-51.21599040000001";"R. Ernesto Alves, 37 - Floresta, Porto Alegre - RS, 90220-190, Brasil";"9";"Carga e Descarga Permitida";"0"
"-30.02425";"-51.215439";"R. Ernesto Alves, 118 - Floresta, Porto Alegre - RS, 90220-190, Brasil";"9";"Carga e Descarga Permitida";"0"
"-30.0187052";"-51.211654399999986";"Rua Hoffmann, 192 - Floresta, Porto Alegre - RS, 90220-170, Brasil";"9";"Carga e Descarga Permitida";"0"
"-30.0189423";"-51.211083599999995";"Rua Hoffmann, 248 - Floresta, Porto Alegre - RS, 90220-170, Brasil";"9";"Carga e Descarga Permitida";"0"
"-30.0241924";"-51.211422700000014";"R. Pelotas, 450 - Floresta, Porto Alegre - RS, 90220-110, Brasil";"9";"Carga e Descarga Permitida";"0"
"-30.0210983";"-51.21393710000001";"R. Ramiro Barcelos, 85 - Floresta, Porto Alegre - RS, Brasil";"9";"Carga e Descarga Permitida";"0"
"-30.02365499999999";"-51.21070270000001";"R. Ramiro Barcelos, 503 - Floresta, Porto Alegre - RS, 90035-004, Brasil";"9";"Carga e Descarga Permitida";"0"
"-30.02303643743961";"-51.211756243238824";"R. São Carlos, 283 - Floresta, Porto Alegre - RS, 90220-121, Brasil";"9";"Carga e Descarga Permitida";"0"
"-30.018893485988453";"-51.208377685844425";"R. Sete de Abril, 291-297 - Floresta, Porto Alegre - RS, 90220-130, Brasil";"9";"Carga e Descarga Permitida";"0"
"-30.0285439";"-51.214190599999995";"R. Santo Antonio, 381 - Floresta, Porto Alegre - RS, 90220-010, Brasil";"9";"Carga e Descarga Permitida";"0"
"-30.0310919";"-51.21600330000001";"Rua Tomaz Flores, 192 - Independência, Porto Alegre - RS, 90035-200, Brasil";"9";"Carga e Descarga Permitida";"0"
"-30.0546448";"-51.184826799999996";"R. Valparaíso, 926 - Jardim Botânico, Porto Alegre - RS, 90690-220, Brasil";"9";"Carga e Descarga Permitida";"0"
"-30.0518581";"-51.223735499999975";"Av. Ganzo, 633 - Menino Deus, Porto Alegre - RS, 90150-071, Brasil";"9";"Carga e Descarga Permitida";"0"
"-30.0606122";"-51.22369739999999";"Praça Menino Deus, 19 - Menino Deus, Porto Alegre - RS, 90850-180, Brasil";"9";"Carga e Descarga Permitida";"0"
"-30.0612109";"-51.230785200000014";"R. Barão do Cerro Largo, 11 - Menino Deus, Porto Alegre - RS, Brasil";"9";"Carga e Descarga Permitida";"0"
"-30.0605107";"-51.22477349999997";"R. Oscar Bittencourt, 250 - Menino Deus, Porto Alegre - RS, 90850-150, Brasil";"9";"Carga e Descarga Permitida";"0"
"-30.0595433";"-51.22796899999997";"R. Grão Pará, 240 - Menino Deus, Porto Alegre - RS, 90850-170, Brasil";"9";"Carga e Descarga Permitida";"0"
"-30.0533274";"-51.22635249999996";"R. Hugo Ribeiro, 11 - Menino Deus, Porto Alegre - RS, Brasil";"9";"Carga e Descarga Permitida";"0"
"-30.0633289";"-51.2308544";"R. Miguel Couto, 198 - Menino Deus, Porto Alegre - RS, 90850-050, Brasil";"9";"Carga e Descarga Permitida";"0"
"-30.0276375";"-51.20197989999997";"R. Comendador Caminha, 102 - Moinhos de Vento, Porto Alegre - RS, Brasil";"9";"Carga e Descarga Permitida";"0"
"-30.027106";"-51.19678729999998";"Tv. Angustura, 66 - Moinhos de Vento, Porto Alegre - RS, 90440-030, Brasil";"9";"Carga e Descarga Permitida";"01"
"-30.0265745";"-51.19020649999999";"R. Silva Jardim, 515 - Auxiliadora, Porto Alegre - RS, 90450-071, Brasil";"9";"Carga e Descarga Permitida";"0"
"-30.0936235";"-51.22409290000002";"Av. Nonoai, 1521 - Nonoai, Porto Alegre - RS, Brasil";"9";"Carga e Descarga Permitida";"0"
"-30.0602148";"-51.19240430000002";"R. Barão do Amazonas, 1941 - Partenon, Porto Alegre - RS, 90660-001, Brasil";"9";"Carga e Descarga Permitida";"0"
"-30.0567131";"-51.16714890000003";"R. Frei Germano, 595 - Partenon, Porto Alegre - RS, 91530-060, Brasil";"9";"Carga e Descarga Permitida";"0"
"-30.009052";"-51.17197909999999";"R. Barão de Tramandaí, 55 - Passo d'Areia, Porto Alegre - RS, 91030-380, Brasil";"9";"Carga e Descarga Permitida";"0"
"-30.0101808";"-51.17126740000003";"R. Sport Club São José, 78 - Passo d'Areia, Porto Alegre - RS, 91030-510, Brasil";"9";"Carga e Descarga Permitida";"0"
"-30.0344317";"-51.17924360000001";"Av. Lageado, 1356 - Petrópolis, Porto Alegre - RS, 90460-110, Brasil";"9";"Carga e Descarga Permitida";"0"
"-30.03843239999999";"-51.178964199999996";"Av. Palmeira, 251 - Petrópolis, Porto Alegre - RS, 90470-300, Brasil";"9";"Carga e Descarga Permitida";
"-30.0375337";"-51.18290790000003";"R. Prof. Fitzgerald, 149 - Petrópolis, Porto Alegre - RS, 90470-160, Brasil";"9";"Carga e Descarga Permitida";"0"
"-30.0509907";"-51.22928289999999";"R. Cecília Meireles, 116 - Praia de Belas, Porto Alegre - RS, 90110-010, Brasil";"9";"Carga e Descarga Permitida";"0"
"-30.0335521";"-51.2054632";"R. Cabral, 281 - Rio Branco, Porto Alegre - RS, 90420-121, Brasil";"9";"Carga e Descarga Permitida";"0"
"-30.03771789999999";"-51.20298809999997";"R. Cel. Paulino Teixeira, 400 - Rio Branco, Porto Alegre - RS, 90420-160, Brasil";"9";"Carga e Descarga Permitida";"0"
"-30.0327028";"-51.2097627";"R. Felipe Camarão, 386 - Rio Branco, Porto Alegre - RS, 90035-140, Brasil";"9";"Carga e Descarga Permitida";"0"
"-30.036255499999978";"-51.20738422327884";"Rua Francisco Ferrer, 441 - Rio Branco, Porto Alegre - RS, 90420-140, Brasil";"9";"Carga e Descarga Permitida";"0"
"-30.0329447";"-51.205596000000014";"R. Liberdade, 10 - Rio Branco, Porto Alegre - RS, 90420-090, Brasil";"9";"Carga e Descarga Permitida";"0"
"-30.01993319999999";"-51.1074782";"Estr. Martim Félix Berta, 385 - Rubem Berta, Porto Alegre - RS, 91250-200, Brasil";"9";"Carga e Descarga Permitida";"0"
"-30.0204615";"-51.107507199999986";"Estr. Martim Félix Berta, 445 - Rubem Berta, Porto Alegre - RS, 91250-200, Brasil";"9";"Carga e Descarga Permitida";"0"
"-30.0386635";"-51.20295090000002";"R. Dr. Alcídes Cruz, 15 - Santa Cecilia, Porto Alegre - RS, 90630-160, Brasil";"9";"Carga e Descarga Permitida";"0"
"-30.040514";"-51.20102399999996";"R. João Guimarães, 182 - Santa Cecilia, Porto Alegre - RS, 90630-170, Brasil";"9";"Carga e Descarga Permitida";"0"
"-30.0409481";"-51.19604529999998";"R. Vicente da Fontoura, 2412 - Rio Branco, Porto Alegre - RS, 90640-001, Brasil";"9";"Carga e Descarga Permitida";"0"
"-30.0084818";"-51.17863729999999";"Av. Gen. Emílio Lúcio Esteves, 5 - Santa Maria Goretti, Porto Alegre - RS, 91030-290, Brasil";"9";"Carga e Descarga Permitida";"0"
"-30.0042192";"-51.17902860000004";"Av. Gen. Emílio Lúcio Esteves, 512 - Santa Maria Goretti, Porto Alegre - RS, 91030-290, Brasil";"9";"Carga e Descarga Permitida";"0"
"-30.0405501";"-51.20983419999999";"Av. Jerônimo de Ornelas, 550 - Santana, Porto Alegre - RS, 90040-340, Brasil";"9";"Carga e Descarga Permitida";"0"
"-30.0394889";"-51.20925349999999";"R. Jacinto Gomes, 232 - Santana, Porto Alegre - RS, 90040-270, Brasil";"9";"Carga e Descarga Permitida";"0"
"-30.0141167";"-51.197799499999974";"Av. Berlim, 561 - São Geraldo, Porto Alegre - RS, 90240-581, Brasil";"9";"Carga e Descarga Permitida";"0"
"-30.0096454";"-51.202501100000006";"Av. Farrapos, 2622 - Floresta, Porto Alegre - RS, 90220-002, Brasil";"9";"Carga e Descarga Permitida";"0"
"-30.0090321";"-51.203852900000015";"Av. Guido Mondim, 180 - São Geraldo, Porto Alegre - RS, 90230-260, Brasil";"9";"Carga e Descarga Permitida";"0"
"-30.0122002";"-51.19956509999997";"Av. Pará, 1125 - Navegantes, Porto Alegre - RS, 90240-590, Brasil";"9";"Carga e Descarga Permitida";"0"
"-30.0058738";"-51.19974590000004";"Av. Pernambuco, 1483 - São Geraldo, Porto Alegre - RS, 90240-005, Brasil";"9";"Carga e Descarga Permitida";"0"
"-30.0093447";"-51.201171999999985";"Av. Polônia, 761 - São Geraldo, Porto Alegre - RS, 90230-110, Brasil";"9";"Carga e Descarga Permitida";"0"
"-30.0102017";"-51.20354359999999";"Av. São Pedro, 585 - São Geraldo, Porto Alegre - RS, Brasil";"9";"Carga e Descarga Permitida";"0"
"-30.00782271038988";"-51.20191352149584";"R. Ernesto Fontoura, 635 - São Geraldo, Porto Alegre - RS, 90230-091, Brasil";"9";"Carga e Descarga Permitida";"0"
"-30.0079445";"-51.2015394";"R. Ernesto Fontoura, 703 - São Geraldo, Porto Alegre - RS, 90230-091, Brasil";"9";"Carga e Descarga Permitida";"0"
"-30.0115406";"-51.203991599999995";"R. Moura Azevedo, 579 - São Geraldo, Porto Alegre - RS, 90230-151, Brasil";"9";"Carga e Descarga Permitida";"0"
"-30.0117284";"-51.20322139999996";"R. Moura Azevedo, 715 - São Geraldo, Porto Alegre - RS, 90230-151, Brasil";"9";"Carga e Descarga Permitida";"0"
"-30.0130451";"-51.19744830000002";"R. Buarque de Macedo, 556 - São Geraldo, Porto Alegre - RS, 90230-250, Brasil";"9";"Carga e Descarga Permitida";"0"
"-30.0066769";"-51.1876297";"Rua Marquês do Alegrete, 406 - São João, Porto Alegre - RS, 91020-030, Brasil";"9";"Carga e Descarga Permitida";"0"
"-30.012495";"-51.1928221";"Rua Zamenhoff, 132 - São João, Porto Alegre - RS, 90550-090, Brasil";"9";"Carga e Descarga Permitida";"0"
"-30.0343159";"-51.17585959999997";"R. Eng. Ildefonso Simões Lopes, 323 - Três Figueiras, Porto Alegre - RS, 91330-180, Brasil";"9";"Carga e Descarga Permitida";"0"
"-30.1113831";"-51.25555229999998";"Praça Comendador Souza Gomes, 73 - Tristeza, Porto Alegre - RS, 91900-250, Brasil";"9";"Carga e Descarga Permitida";"0"
"-30.03416259999999";"-51.21297240000001";"Rua General João Telles, 523 - Bom Fim, Porto Alegre - RS, Brasil";"9";"Carga e Descarga Permitida";"0"
"-30.0279525";"-51.15043880000002";"Av. Circular, 628 - Vila Jardim, Porto Alegre - RS, 91320-181, Brasil";"9";"Carga e Descarga Permitida";"0"
"-30.11934029999999";"-51.207098900000005";"R. Catarino Andreata, 180 - Vila Nova, Porto Alegre - RS, Brasil";"9";"Carga e Descarga Permitida";"0"
"-30.0371137";"-51.124332200000026";"Av. Antônio Giudice, 128 - Alto Petrópolis, Porto Alegre - RS, 91260-040, Brasil";"9";"Carga e Descarga Permitida";"0"
"-30.0196199";"-51.1074921";"Rua Professora Amy Herve Ramires, 203 - Rubem Berta, Porto Alegre - RS, 91250-240, Brasil";"9";"Carga e Descarga Permitida";"0"
"-30.0021849";"-51.134519599999976";"Av. Assis Brasil, 5500 - Passo d'Areia, Porto Alegre - RS, Brasil";"9";"Carga e Descarga Permitida";"0"
"-30.0015486";"-51.133488";"Av. Assis Brasil, 5577 - Sarandi, Porto Alegre - RS, 91010-004, Brasil";"9";"Carga e Descarga Permitida";"0"
"-29.9949527";"-51.129987400000005";"Av. Assis Brasil, 6395 - Passo d'Areia, Porto Alegre - RS, 91010-004, Brasil";"9";"Carga e Descarga Permitida";"0"
"-29.99231219999999";"-51.127874299999974";"Av. Assis Brasil, 6732 - Passo D'areia, Porto Alegre - RS, Brasil";"9";"Carga e Descarga Permitida";"0"
"-30.0110495";"-51.1475762";"Av. Benno Mentz, 13 - Vila Ipiranga, Porto Alegre - RS, 91370-020, Brasil";"9";"Carga e Descarga Permitida";"0"
"-30.0578518";"-51.21347330000003";"Av. Dr. Carlos Barbosa, 232 - Azenha, Porto Alegre - RS, 90880-001, Brasil";"9";"Carga e Descarga Permitida";"0"
"-30.136221";"-51.21963490000002";"Av. Eduardo Prado, 2003 - Ipanema, Porto Alegre - RS, 91751-000, Brasil";"9";"Carga e Descarga Permitida";"0"
"-30.055498";"-51.169556899999975";"Av. Ipiranga, 6750 - Jardim Botânico, Porto Alegre - RS, Brasil";"9";"Carga e Descarga Permitida";"0"
"-30.0227297";"-51.1938854";"Av. Mariland, 907 - São João, Porto Alegre - RS, 90440-191, Brasil";"9";"Carga e Descarga Permitida";"0"
"-30.10749089999999";"-51.246966199999974";"Av. Otto Niemeyer, 1211 - Tristeza, Porto Alegre - RS, 91910-001, Brasil";"9";"Carga e Descarga Permitida";"0"
"-30.10341349999999";"-51.235064299999976";"Av. Otto Niemeyer, 2446 - Tristeza, Porto Alegre - RS, Brasil";"9";"Carga e Descarga Permitida";"0"
"-30.0596783";"-51.23031120000002";"Av. Padre Cacique, 22 - Praia de Belas, Porto Alegre - RS, 90810-240, Brasil";"9";"Carga e Descarga Permitida";"0"
"-30.0106255";"-51.20129700000001";"Av. Pernambuco, 2022 - Navegantes, Porto Alegre - RS, 90240-003, Brasil";"9";"Carga e Descarga Permitida";"0"
"-30.0029209";"-51.200929599999995";"Av. Pres. Franklin Roosevelt, 350 - Navegantes, Porto Alegre - RS, Brasil";"9";"Carga e Descarga Permitida";"0"
"-30.0481986";"-51.2078573";"Av. Princesa Isabel, 595 - Santana, Porto Alegre - RS, Brasil";"9";"Carga e Descarga Permitida";"0"
"-30.0435935";"-51.18577579999999";"Av. Protásio Alves, 2332 - R Branco, Porto Alegre - RS, 90410-006, Brasil";"9";"Carga e Descarga Permitida";"0"
"-30.0660925";"-51.18515460000003";"Av. Veiga, 146 - Cel. Aparicio Borges, Porto Alegre - RS, 91510-120, Brasil";"9";"Carga e Descarga Permitida";"0"
"-30.0415375";"-51.217053899999996";"Av. Venâncio Aires, 306 - Cidade Baixa, Porto Alegre - RS, 90040-191, Brasil";"9";"Carga e Descarga Permitida";"0"
"-30.0408857";"-51.21578550000004";"Av. Venâncio Aires, 445 - Cidade Baixa, Porto Alegre - RS, Brasil";"9";"Carga e Descarga Permitida";
"-30.040841";"-51.21555089999998";"Av. Venâncio Aires, 465 - Cidade Baixa, Porto Alegre - RS, Brasil";"9";"Carga e Descarga Permitida";"0"
"-30.012272";"-51.16792090000001";"Av. Andaraí, 40 - Passo d'Areia, Porto Alegre - RS, 91350-110, Brasil";"9";"Carga e Descarga Permitida";"0"
"-30.053659880858238";"-51.18868457361066";"R. Barão do Amazonas, 1145 - Jardim Botânico, Porto Alegre - RS, 90670-004, Brasil";"9";"Carga e Descarga Permitida";"0"
"-30.05434";"-51.18896319999999";"R. Barão do Amazonas, 1220 - Jardim Botânico, Porto Alegre - RS, 90670-001, Brasil";"9";"Carga e Descarga Permitida";"0"
"-30.05244729999999";"-51.219229799999994";"R. Barão do Triunfo, 261 - Menino Deus, Porto Alegre - RS, Brasil";"9";"Carga e Descarga Permitida";"0"
"-30.0232919";"-51.18232660000001";"R. Campos Sáles, 335 - Auxiliadora, Porto Alegre - RS, 90480-030, Brasil";"9";"Carga e Descarga Permitida";"0"
"-30.0307081";"-51.20611020000001";"R. Castro Alves, 442 - Independência, Porto Alegre - RS, 90430-130, Brasil";"9";"Carga e Descarga Permitida";"0"
"-30.0605517";"-51.2262824";"R. Dona Augusta, 47 - Menino Deus, Porto Alegre - RS, 90850-130, Brasil";"9";"Carga e Descarga Permitida";"0"
"-30.0282376";"-51.20286269999997";"R. Dr. Florêncio Ygartua, 188 - Moinhos de Vento, Porto Alegre - RS, 90430-010, Brasil";"9";"Carga e Descarga Permitida";"0"
"-30.02307039999999";"-51.199832500000014";"R. Dr. Timóteo, 870 - Floresta, Porto Alegre - RS, Brasil";"9";"Carga e Descarga Permitida";"0"
"-30.02034009999999";"-51.20230379999998";"R. Félix da Cunha, 833 - Floresta, Porto Alegre - RS, Brasil";"9";"Carga e Descarga Permitida";"0"
"-30.0270182";"-51.215230599999984";"Rua Garibaldi, 724 - Bom Fim, Porto Alegre - RS, 90035-051, Brasil";"9";"Carga e Descarga Permitida";"0"
"-30.0327913";"-51.2125618";"Rua General João Telles, 369 - Bom Fim, Porto Alegre - RS, 90035-120, Brasil";"9";"Carga e Descarga Permitida";"0"
"-30.0343405";"-51.21298350000001";"Rua General João Telles, 541 - Bom Fim, Porto Alegre - RS, 90035-120, Brasil";"9";"Carga e Descarga Permitida";"0"
"-30.0375731";"-51.222409700000014";"R. Gen. Lima e Silva, 457 - Centro Histórico, Porto Alegre - RS, 90050-101, Brasil";"9";"Carga e Descarga Permitida";"0"
"-30.0376919";"-51.22244239999998";"R. Gen. Lima e Silva, 461 - Centro Histórico, Porto Alegre - RS, 90050-101, Brasil";"9";"Carga e Descarga Permitida";"0"
"-30.03806115461055";"-51.22187370370483";"R. Gen. Lima e Silva, 544 - Centro Histórico, Porto Alegre - RS, Brasil";"9";"Carga e Descarga Permitida";"0"
"-30.0354364";"-51.176437899999996";"R. João Caetano, 290 - Três Figueiras, Porto Alegre - RS, 90470-260, Brasil";"9";"Carga e Descarga Permitida";"0"
"-30.03617809999999";"-51.22711429999998";"R. José do Patrocínio, 20 - Cidade Baixa, Porto Alegre - RS, Brasil";"9";"Carga e Descarga Permitida";"0"
"-30.042617199643068";"-51.22036247301634";"R. José do Patrocínio, 954 - Cidade Baixa, Porto Alegre - RS, 90050-002, Brasil";"9";"Carga e Descarga Permitida";"0"
"-30.0434083";"-51.21954529999999";"R. José do Patrocínio, 1062 - Cidade Baixa, Porto Alegre - RS, 90050-002, Brasil";"9";"Carga e Descarga Permitida";"0"
"-30.0492035";"-51.226447399999984";"R. Marcílio Dias, 255 - Menino Deus, Porto Alegre - RS, 90130-001, Brasil";"9";"Carga e Descarga Permitida";"0"
"-30.0500081";"-51.219059300000026";"R. Marcílio Dias, 1031 - Menino Deus, Porto Alegre - RS, 90130-001, Brasil";"9";"Carga e Descarga Permitida";"0"
"-30.0358595";"-51.2039843";"R. Mariante, 896 - Rio Branco, Porto Alegre - RS, 90430-180, Brasil";"9";"Carga e Descarga Permitida";"0"
"-30.0401014";"-51.21240829999999";"R. Olávo Bilac, 770";"9";"Carga e Descarga Permitida";"0"
"-30.0421676";"-51.20797959999999";"R. Ramiro Barcelos, 2600 - Floresta, Porto Alegre - RS, 90035-002, Brasil";"9";"Carga e Descarga Permitida";"0"
"-30.0307036";"-51.18256289999999";"R. Regente, 248 - Petrópolis, Porto Alegre - RS, 90470-170, Brasil";"9";"Carga e Descarga Permitida";"0"
"-30.0444603";"-51.21047290000001";"R. Santana, 702 - Santana, Porto Alegre - RS, Brasil";"9";"Carga e Descarga Permitida";"0"
"-30.0507886";"-51.20638410000004";"R. Santana, 1471 - Santana, Porto Alegre - RS, 90040-371, Brasil";"9";"Carga e Descarga Permitida";"0"
"-30.060111";"-51.22750259999998";"R. Silveiro, 30 - Menino Deus, Porto Alegre - RS, Brasil";"9";"Carga e Descarga Permitida";"0"
"-30.02638439999999";"-51.2109825";"R. Tiradentes, 19 - Independência, Porto Alegre - RS, 90560-030, Brasil";"9";"Carga e Descarga Permitida";"0"
"-30.0331771";"-51.202444600000035";"R. Vasco da Gama, 945 - Bom Fim, Porto Alegre - RS, 90420-111, Brasil";"9";"Carga e Descarga Permitida";"0"
"-30.0222821";"-51.19397939999999";"R. 24 de Outubro, 1457 - Independência, Porto Alegre - RS, Brasil";"9";"Carga e Descarga Permitida";"0"
"-30.0648427";"-51.18424909999999";"Tv. Guedes da Luz, 56 - Partenon, Porto Alegre - RS, Brasil";"9";"Carga e Descarga Permitida";"0"
